CrashID,State,Day,Month,Year,Hour,Minute,Crash_Type,Bus_Involvement,Heavy_Rigid_Truck_Involvement,Articulated_Truck_Involvement,Speed_Limit,Road_User,Gender,Age
4201601010001,SA,1,1,2016,1,0,Single,No,No,No,110,Driver,Male,40
2201601010001,VIC,1,1,2016,20,30,Single,No,No,No,80,Motorcycle rider,Male,25
1201601020001,NSW,2,1,2016,0,30,Single,No,No,No,100,Passenger,Male,18
5201601020001,WA,2,1,2016,17,20,Multiple,No,No,Yes,110,Driver,Male,53
6201601020001,TAS,2,1,2016,19,58,Multiple,No,No,No,80,Motorcycle rider,Male,17
6201601020001,TAS,2,1,2016,19,58,Multiple,No,No,No,80,Motorcycle pillion passenger,Male,31
6201601030002,TAS,3,1,2016,11,55,Multiple,No,No,No,100,Motorcycle rider,Male,51
3201601030001,QLD,3,1,2016,14,0,Pedestrian,No,No,No,60,Pedestrian,Male,70
2201601040002,VIC,4,1,2016,2,0,Single,No,No,No,50,Driver,Male,63
5201601040002,WA,4,1,2016,15,47,Single,No,No,No,110,Motorcycle rider,Male,67
1201601040002,NSW,4,1,2016,20,25,Single,No,No,No,100,Driver,Male,59
1201601040003,NSW,4,1,2016,21,45,Single,No,No,No,60,Driver,Female,17
1201601050004,NSW,5,1,2016,10,30,Multiple,No,No,No,50,Passenger,Male,20
1201601070005,NSW,7,1,2016,11,45,Multiple,No,No,No,80,Driver,Male,89
1201601080006,NSW,8,1,2016,8,30,Multiple,No,No,No,100,Motorcycle rider,Male,44
5201601080003,WA,8,1,2016,8,0,Multiple,No,No,No,70,Driver,Female,27
1201601090008,NSW,9,1,2016,0,49,Single,No,No,No,50,Driver,Male,37
5201601090005,WA,9,1,2016,2,15,Single,No,No,No,100,Driver,Female,22
4201601090002,SA,9,1,2016,11,50,Multiple,No,No,No,80,Driver,Male,33
4201601090002,SA,9,1,2016,11,50,Multiple,No,No,No,80,Passenger,Female,90
4201601090002,SA,9,1,2016,11,50,Multiple,No,No,No,80,Driver,Female,61
1201601090007,NSW,9,1,2016,15,40,Multiple,No,No,No,60,Motorcycle pillion passenger,Female,43
3201601090002,QLD,9,1,2016,15,0,Single,No,No,No,100,Motorcycle rider,Male,44
5201601090004,WA,9,1,2016,16,10,Single,No,No,No,110,Driver,Male,50
3201601090003,QLD,9,1,2016,17,0,Multiple,No,No,No,100,Motorcycle rider,Female,46
2201601100003,VIC,10,1,2016,2,11,Multiple,No,No,No,70,Driver,Female,19
2201601100004,VIC,10,1,2016,6,0,Single,No,No,No,100,Driver,Male,45
5201601100006,WA,10,1,2016,11,45,Single,No,No,No,90,Motorcycle rider,Male,57
2201601100005,VIC,10,1,2016,16,50,Multiple,No,No,No,100,Motorcycle rider,Male,41
7201601110001,NT,11,1,2016,17,30,Single,No,No,No,130,Driver,Male,26
1201601120009,NSW,12,1,2016,5,10,Pedestrian,No,No,No,60,Pedestrian,Male,46
3201601120004,QLD,12,1,2016,9,0,Single,No,No,No,100,Driver,Male,92
2201601130006,VIC,13,1,2016,4,50,Multiple,No,No,No,100,Driver,Male,41
1201601130010,NSW,13,1,2016,9,30,Single,No,No,No,100,Motorcycle rider,Male,49
3201601130005,QLD,13,1,2016,13,0,Single,No,No,No,100,Passenger,Male,78
3201601130006,QLD,13,1,2016,13,0,Multiple,No,No,No,100,Motorcycle rider,Male,30
3201601140007,QLD,14,1,2016,10,0,Multiple,No,No,No,110,Driver,Female,79
3201601140007,QLD,14,1,2016,10,0,Multiple,No,No,No,110,Driver,Male,68
5201601140008,WA,14,1,2016,15,35,Multiple,No,No,No,110,Driver,Male,23
5201601140007,WA,14,1,2016,18,45,Multiple,No,No,No,110,Pedestrian,Male,55
1201601140011,NSW,14,1,2016,19,30,Single,No,No,No,100,Driver,Male,37
2201601140007,VIC,14,1,2016,20,30,Multiple,No,No,No,60,Motorcycle rider,Male,22
1201601150012,NSW,15,1,2016,14,30,Multiple,No,No,No,100,Motorcycle rider,Female,61
3201601150008,QLD,15,1,2016,18,0,Single,No,No,No,60,Passenger,Male,20
3201601160009,QLD,16,1,2016,4,0,Single,No,No,No,60,Passenger,Male,29
1201601160013,NSW,16,1,2016,5,40,Multiple,No,No,No,80,Driver,Male,36
2201601160008,VIC,16,1,2016,15,0,Single,No,No,No,50,Driver,Male,73
1201601160014,NSW,16,1,2016,17,35,Multiple,No,No,No,100,Driver,Male,46
3201601160010,QLD,16,1,2016,23,0,Single,No,No,No,110,Driver,Male,38
4201601180003,SA,18,1,2016,6,0,Multiple,No,No,No,110,Passenger,Female,26
1201601180015,NSW,18,1,2016,13,0,Single,No,No,No,110,Passenger,Female,15
6201601180003,TAS,18,1,2016,13,55,Multiple,No,No,No,50,Driver,Male,84
1201601180016,NSW,18,1,2016,14,35,Pedestrian,No,No,No,70,Pedestrian,Female,82
5201601180009,WA,18,1,2016,17,29,Multiple,No,No,No,110,Passenger,Female,74
5201601180009,WA,18,1,2016,17,29,Multiple,No,No,No,110,Driver,Male,75
3201601190011,QLD,19,1,2016,14,0,Single,No,No,No,100,Driver,Male,82
4201601190004,SA,19,1,2016,18,25,Single,No,No,No,100,Driver,Male,49
2201601200009,VIC,20,1,2016,7,30,Multiple,No,Yes,No,60,Bicyclist,Male,25
5201601200010,WA,20,1,2016,7,40,Multiple,No,No,No,110,Driver,Female,37
5201601200010,WA,20,1,2016,7,40,Multiple,No,No,No,110,Driver,Male,21
7201601200002,NT,20,1,2016,14,0,Single,No,No,No,110,Motorcycle rider,Male,18
3201601200012,QLD,20,1,2016,17,0,Multiple,No,No,Yes,80,Driver,Male,44
3201601210013,QLD,21,1,2016,21,0,Single,No,No,No,50,Motorcycle rider,Male,46
6201601220004,TAS,22,1,2016,1,2,Multiple,No,No,No,50,Driver,Female,24
5201601220011,WA,22,1,2016,2,30,Single,No,No,No,110,Driver,Male,61
5201601220012,WA,22,1,2016,9,35,Single,No,No,No,110,Driver,Male,40
3201601220014,QLD,22,1,2016,11,0,Single,No,No,No,100,Driver,Female,62
6201601220005,TAS,22,1,2016,12,20,Single,No,No,No,110,Driver,Male,30
2201601220010,VIC,22,1,2016,18,20,Pedestrian,No,No,No,70,Pedestrian,Female,75
1201601220017,NSW,22,1,2016,19,0,Pedestrian,No,No,No,60,Pedestrian,Male,21
3201601220015,QLD,22,1,2016,22,0,Single,No,No,No,100,Driver,Male,47
1201601230018,NSW,23,1,2016,16,5,Pedestrian,No,No,No,50,Pedestrian,Male,14
2201601230011,VIC,23,1,2016,21,45,Single,No,No,No,100,Passenger,Male,15
3201601240016,QLD,24,1,2016,8,0,Multiple,No,No,No,100,Motorcycle rider,Male,73
5201601240013,WA,24,1,2016,19,53,Single,No,No,No,80,Motorcycle rider,Male,30
3201601250017,QLD,25,1,2016,8,0,Pedestrian,No,No,No,60,Pedestrian,Male,78
1201601250019,NSW,25,1,2016,12,8,Pedestrian,No,No,No,50,Pedestrian,Female,92
3201601250018,QLD,25,1,2016,16,0,Pedestrian,No,No,No,60,Pedestrian,Male,77
1201601250020,NSW,25,1,2016,18,5,Pedestrian,No,No,No,40,Pedestrian,Female,63
1201601260021,NSW,26,1,2016,12,39,Multiple,No,No,No,100,Driver,Male,57
1201601260021,NSW,26,1,2016,12,39,Multiple,No,No,No,100,Passenger,Male,88
2201601260012,VIC,26,1,2016,12,0,Single,No,No,No,100,Passenger,Male,17
3201601260019,QLD,26,1,2016,18,0,Multiple,No,No,No,60,Motorcycle rider,Male,24
2201601260013,VIC,26,1,2016,22,40,Single,No,No,No,100,Passenger,Female,28
3201601260020,QLD,26,1,2016,22,0,Single,No,No,No,100,Driver,Male,64
2201601270014,VIC,27,1,2016,1,30,Multiple,No,No,No,100,Passenger,Female,18
2201601270014,VIC,27,1,2016,1,30,Multiple,No,No,No,100,Driver,Male,19
1201601270022,NSW,27,1,2016,4,25,Multiple,No,No,Yes,80,Driver,Male,40
5201601270014,WA,27,1,2016,5,0,Single,No,No,No,110,Driver,Male,42
5201601270015,WA,27,1,2016,8,1,Single,No,No,No,110,Passenger,Male,27
2201601270015,VIC,27,1,2016,12,5,Multiple,No,No,No,60,Motorcycle rider,Male,27
2201601270016,VIC,27,1,2016,13,10,Multiple,No,No,No,100,Passenger,Female,57
2201601270016,VIC,27,1,2016,13,10,Multiple,No,No,No,100,Driver,Male,64
3201601270021,QLD,27,1,2016,14,0,Single,No,Yes,No,80,Driver,Male,28
1201601280023,NSW,28,1,2016,11,25,Pedestrian,No,No,No,60,Pedestrian,Female,90
6201601280006,TAS,28,1,2016,12,59,Multiple,No,Yes,No,100,Driver,Male,74
2201601280017,VIC,28,1,2016,14,48,Multiple,No,No,No,90,Driver,Female,22
2201601280018,VIC,28,1,2016,14,35,Multiple,No,No,Yes,100,Motorcycle rider,Male,41
7201601280003,NT,28,1,2016,20,35,Multiple,No,No,No,110,Passenger,Male,24
2201601290019,VIC,29,1,2016,11,20,Single,No,No,No,100,Driver,Male,54
3201601290022,QLD,29,1,2016,14,0,Single,No,No,No,100,Motorcycle rider,Female,58
5201601290017,WA,29,1,2016,15,24,Single,No,No,No,110,Driver,Male,19
1201601290024,NSW,29,1,2016,20,52,Pedestrian,No,No,No,60,Pedestrian,Female,21
5201601290016,WA,29,1,2016,21,19,Single,No,No,No,80,Driver,Male,28
3201601300023,QLD,30,1,2016,1,0,Single,No,No,No,100,Driver,Male,41
3201601300024,QLD,30,1,2016,22,0,Single,No,No,No,80,Passenger,Male,68
4201601310005,SA,31,1,2016,3,10,Multiple,No,No,No,100,Driver,Male,27
3201602010025,QLD,1,2,2016,15,0,Pedestrian,No,No,No,60,Pedestrian,Female,83
2201602020020,VIC,2,2,2016,15,44,Multiple,No,No,No,50,Motorcycle rider,Male,18
2201602020021,VIC,2,2,2016,15,55,Multiple,No,No,No,80,Passenger,Female,81
4201602020006,SA,2,2,2016,20,5,Pedestrian,No,No,No,60,Pedestrian,Male,27
5201602030019,WA,3,2,2016,6,39,Multiple,No,No,Yes,110,Driver,Female,31
1201602030027,NSW,3,2,2016,7,30,Pedestrian,No,Yes,No,60,Pedestrian,Male,46
1201602030025,NSW,3,2,2016,12,45,Single,No,No,No,100,Driver,Male,73
1201602030026,NSW,3,2,2016,16,25,Pedestrian,Yes,No,No,50,Pedestrian,Male,41
4201602030007,SA,3,2,2016,16,35,Multiple,No,No,No,50,Motorcycle rider,Male,44
5201602030018,WA,3,2,2016,21,0,Single,No,No,No,110,Driver,Male,38
3201602040026,QLD,4,2,2016,5,0,Multiple,No,No,Yes,100,Driver,Female,29
4201602040008,SA,4,2,2016,7,23,Multiple,Yes,No,No,60,Motorcycle rider,Female,30
2201602040022,VIC,4,2,2016,15,5,Multiple,No,No,No,70,Motorcycle rider,Male,45
2201602060023,VIC,6,2,2016,3,15,Single,No,No,No,100,Motorcycle rider,Male,38
4201602060009,SA,6,2,2016,7,56,Single,No,No,No,50,Bicyclist,Male,88
1201602060028,NSW,6,2,2016,17,35,Single,No,No,No,80,Driver,Male,67
1201602060029,NSW,6,2,2016,18,0,Single,No,No,No,100,Driver,Male,48
5201602060020,WA,6,2,2016,21,30,Single,No,No,No,110,Driver,Female,45
5201602060021,WA,6,2,2016,22,45,Multiple,No,No,No,60,Motorcycle rider,Male,34
1201602070030,NSW,7,2,2016,2,30,Single,No,No,No,60,Driver,Male,76
5201602070022,WA,7,2,2016,12,26,Multiple,No,No,No,60,Passenger,Female,5
1201602070031,NSW,7,2,2016,14,40,Multiple,No,No,No,100,Driver,Male,75
1201602070032,NSW,7,2,2016,15,5,Pedestrian,No,No,No,60,Pedestrian,Male,33
1201602080034,NSW,8,2,2016,10,10,Pedestrian,No,No,No,50,Pedestrian,Female,40
1201602080033,NSW,8,2,2016,15,37,Multiple,No,Yes,No,70,Driver,Male,17
2201602080024,VIC,8,2,2016,17,10,Multiple,No,No,No,100,Motorcycle rider,Male,44
2201602080025,VIC,8,2,2016,20,0,Multiple,No,No,No,60,Motorcycle rider,Male,32
2201602090027,VIC,9,2,2016,6,5,Multiple,No,No,Yes,100,Driver,Male,26
2201602090026,VIC,9,2,2016,8,15,Multiple,No,No,No,50,Bicyclist,Male,69
2201602090028,VIC,9,2,2016,15,45,Multiple,No,No,No,60,Bicyclist,Male,74
3201602090027,QLD,9,2,2016,15,0,Multiple,No,No,No,100,Driver,Female,71
2201602090029,VIC,9,2,2016,22,15,Single,No,No,No,60,Motorcycle rider,Male,45
2201602100030,VIC,10,2,2016,6,43,Single,No,No,No,100,Driver,Male,44
3201602100028,QLD,10,2,2016,6,0,Multiple,No,No,Yes,60,Bicyclist,Male,61
2201602100031,VIC,10,2,2016,8,25,Multiple,No,No,No,100,Driver,Male,32
2201602100032,VIC,10,2,2016,23,38,Multiple,No,No,No,100,Motorcycle rider,Male,55
5201602110023,WA,11,2,2016,0,45,Single,No,No,No,70,Motorcycle rider,Male,34
3201602120030,QLD,12,2,2016,4,0,Single,No,No,No,50,Bicyclist,Male,46
2201602120033,VIC,12,2,2016,10,30,Pedestrian,No,No,No,50,Pedestrian,Female,65
2201602120034,VIC,12,2,2016,14,20,Single,No,No,No,100,Driver,Male,81
3201602120029,QLD,12,2,2016,15,0,Single,No,No,No,100,Driver,Male,17
1201602120035,NSW,12,2,2016,22,0,Single,No,No,No,100,Driver,Male,18
2201602120035,VIC,12,2,2016,22,27,Pedestrian,No,No,No,60,Pedestrian,Male,83
1201602130036,NSW,13,2,2016,2,50,Single,No,No,No,100,Passenger,Female,22
1201602130037,NSW,13,2,2016,9,25,Single,No,No,No,80,Motorcycle rider,Male,60
1201602130038,NSW,13,2,2016,11,1,Multiple,No,No,No,100,Passenger,Female,65
2201602130036,VIC,13,2,2016,23,45,Pedestrian,No,No,No,100,Pedestrian,Female,22
2201602150037,VIC,15,2,2016,5,45,Pedestrian,No,No,No,60,Pedestrian,Male,59
3201602160031,QLD,16,2,2016,6,0,Multiple,No,No,No,100,Bicyclist,Male,63
2201602160038,VIC,16,2,2016,8,9,Pedestrian,No,Yes,No,50,Pedestrian,Female,17
5201602160024,WA,16,2,2016,12,0,Multiple,No,No,No,110,Driver,Male,22
5201602160026,WA,16,2,2016,12,0,Multiple,No,No,No,50,Pedestrian,Female,69
3201602160032,QLD,16,2,2016,13,0,Single,Yes,No,No,100,Passenger,Male,19
3201602160033,QLD,16,2,2016,13,0,Multiple,No,Yes,No,100,Driver,Female,58
3201602160034,QLD,16,2,2016,18,0,Single,No,Yes,No,70,Driver,Male,36
5201602160025,WA,16,2,2016,18,15,Single,No,No,No,110,Motorcycle rider,Male,48
1201602180040,NSW,18,2,2016,9,55,Pedestrian,No,No,No,50,Pedestrian,Female,86
3201602180035,QLD,18,2,2016,14,0,Multiple,No,No,Yes,100,Passenger,Female,89
7201602180004,NT,18,2,2016,17,0,Single,No,No,No,110,Driver,Male,24
1201602180039,NSW,18,2,2016,19,0,Single,No,No,No,70,Motorcycle rider,Male,45
2201602180039,VIC,18,2,2016,20,0,Single,No,No,No,80,Driver,Male,18
1201602190041,NSW,19,2,2016,17,34,Pedestrian,No,No,No,50,Pedestrian,Male,67
5201602190027,WA,19,2,2016,22,10,Single,No,No,No,110,Passenger,Male,25
5201602190027,WA,19,2,2016,22,10,Single,No,No,No,110,Passenger,Male,24
1201602200042,NSW,20,2,2016,1,11,Single,No,No,No,50,Passenger,Female,36
1201602200042,NSW,20,2,2016,1,11,Single,No,No,No,50,Passenger,Female,37
1201602200042,NSW,20,2,2016,1,11,Single,No,No,No,50,Passenger,Female,36
1201602200043,NSW,20,2,2016,5,30,Single,No,No,No,80,Driver,Male,24
1201602200044,NSW,20,2,2016,9,40,Single,No,No,No,50,Motorcycle pillion passenger,Female,31
5201602200028,WA,20,2,2016,13,26,Single,No,No,No,110,Motorcycle rider,Male,51
1201602200045,NSW,20,2,2016,17,49,Single,No,No,No,80,Driver,Female,82
2201602200040,VIC,20,2,2016,21,30,Single,No,No,No,100,Driver,Male,53
3201602200036,QLD,20,2,2016,23,0,Pedestrian,No,No,No,60,Pedestrian,Male,47
3201602210037,QLD,21,2,2016,9,0,Multiple,No,No,No,80,Motorcycle rider,Male,58
1201602210046,NSW,21,2,2016,11,5,Multiple,No,No,No,50,Driver,Female,72
2201602210042,VIC,21,2,2016,12,20,Multiple,No,No,No,80,Motorcycle rider,Male,36
1201602210047,NSW,21,2,2016,13,51,Single,No,No,No,60,Motorcycle rider,Male,42
2201602210041,VIC,21,2,2016,16,15,Multiple,No,No,No,100,Motorcycle rider,Male,60
3201602220038,QLD,22,2,2016,6,0,Multiple,No,No,Yes,100,Driver,Male,30
2201602220043,VIC,22,2,2016,17,17,Single,No,No,No,100,Driver,Female,28
2201602230044,VIC,23,2,2016,6,30,Multiple,No,No,No,80,Motorcycle rider,Male,61
3201602240039,QLD,24,2,2016,0,0,Single,No,No,No,100,Driver,Female,26
1201602240048,NSW,24,2,2016,3,35,Single,No,No,No,60,Driver,Male,20
1201602240048,NSW,24,2,2016,3,35,Single,No,No,No,60,Passenger,Male,20
2201602240045,VIC,24,2,2016,9,30,Multiple,No,No,No,60,Motorcycle rider,Male,39
1201602240049,NSW,24,2,2016,12,0,Multiple,No,No,No,100,Motorcycle rider,Male,60
2201602240046,VIC,24,2,2016,16,13,Multiple,No,No,No,50,Motorcycle rider,Male,56
7201602240005,NT,24,2,2016,20,20,Pedestrian,No,No,No,100,Pedestrian,Female,35
7201602250006,NT,25,2,2016,1,2,Single,No,No,No,40,Driver,Male,48
1201602250050,NSW,25,2,2016,10,20,Multiple,No,No,No,80,Motorcycle rider,Male,44
2201602250047,VIC,25,2,2016,12,10,Single,No,No,No,100,Motorcycle rider,Male,75
2201602250048,VIC,25,2,2016,20,53,Single,No,No,No,60,Driver,Female,18
2201602260049,VIC,26,2,2016,0,15,Single,No,No,No,100,Driver,Male,18
1201602260051,NSW,26,2,2016,14,55,Single,No,No,No,110,Motorcycle rider,Male,65
1201602260052,NSW,26,2,2016,16,50,Multiple,No,No,No,100,Passenger,Female,19
2201602260050,VIC,26,2,2016,23,0,Single,No,No,No, ,Driver,Male,18
2201602270051,VIC,27,2,2016,21,27,Pedestrian,No,No,No,60,Pedestrian,Female,17
3201602270040,QLD,27,2,2016,21,0,Single,No,No,No,100,Driver,Male,42
2201602270052,VIC,27,2,2016,23,15,Multiple,No,No,No,80,Motorcycle rider,Male,43
1201602280053,NSW,28,2,2016,9,40,Multiple,No,No,No,60,Motorcycle rider,Male,36
1201602280054,NSW,28,2,2016,20,5,Single,No,No,No,100,Passenger,Male,22
3201603010041,QLD,1,3,2016,13,0,Single,No,No,No,80,Motorcycle rider,Male,25
2201603020053,VIC,2,3,2016,11,37,Single,No,No,No,100,Driver,Female,88
1201603020055,NSW,2,3,2016,12,0,Multiple,No,No,No,80,Driver,Male,54
8201603020001,ACT,2,3,2016,17,0,Single,No,No,No,80,Motorcycle rider,Male,25
4201603030010,SA,3,3,2016,8,15,Pedestrian,No,No,No,100,Pedestrian,Male,7
4201603030010,SA,3,3,2016,8,15,Pedestrian,No,No,No,60,Pedestrian,Male,89
2201603030054,VIC,3,3,2016,15,10,Pedestrian,No,No,No,888,Pedestrian,Male,93
2201603030055,VIC,3,3,2016,16,15,Multiple,No,Yes,No,100,Driver,Female,63
2201603030055,VIC,3,3,2016,16,15,Multiple,No,Yes,No,100,Driver,Male,62
2201603030056,VIC,3,3,2016,17,50,Multiple,No,No,No,100,Driver,Male,57
3201603040042,QLD,4,3,2016,5,0,Multiple,No,No,No,100,Motorcycle rider,Male,42
5201603040029,WA,4,3,2016,8,0,Multiple,No,Yes,No,50,Driver,Male,25
5201603040029,WA,4,3,2016,8,0,Multiple,No,Yes,No,50,Motorcycle pillion passenger,Male,25
1201603040056,NSW,4,3,2016,17,0,Single,No,No,No,60,Driver,Male,53
2201603040057,VIC,4,3,2016,19,50,Multiple,No,No,No,70,Passenger,Male,83
2201603050058,VIC,5,3,2016,7,10,Single,No,Yes,No,110,Driver,Male,24
1201603050057,NSW,5,3,2016,16,45,Multiple,No,No,No,50,Motorcycle rider,Male,30
1201603050059,NSW,5,3,2016,22,45,Pedestrian,No,No,No,50,Pedestrian,Male,60
4201603050011,SA,5,3,2016,22,50,Single,No,No,Yes,110,Driver,Male,47
4201603050011,SA,5,3,2016,22,50,Single,No,No,Yes,110,Passenger,Female,43
1201603050058,NSW,5,3,2016,23,50,Single,No,No,No,80,Driver,Male,43
5201603050030,WA,5,3,2016,23,50,Single,No,No,No,60,Passenger,Male,25
5201603050030,WA,5,3,2016,23,50,Single,No,No,No,60,Passenger,Male,26
5201603050030,WA,5,3,2016,23,50,Single,No,No,No,60,Driver,Male,26
2201603060059,VIC,6,3,2016,7,30,Single,No,No,No,80,Driver,Female,50
5201603060032,WA,6,3,2016,7,15,Single,No,No,No,110,Driver,Male,23
5201603060031,WA,6,3,2016,11,30,Single,No,No,No,110,Passenger,Female,20
3201603060043,QLD,6,3,2016,15,0,Multiple,No,No,No,100,Driver,Female,53
6201603060007,TAS,6,3,2016,17,19,Single,No,No,No,110,Motorcycle rider,Female,57
5201603060033,WA,6,3,2016,21,0,Multiple,No,No,No,90,Passenger,Male,30
5201603060033,WA,6,3,2016,21,0,Multiple,No,No,No,90,Driver,Male,24
5201603060033,WA,6,3,2016,21,0,Multiple,No,No,No,90,Driver,Female,47
5201603070034,WA,7,3,2016,8,0,Single,No,No,No,60,Driver,Male,30
1201603070060,NSW,7,3,2016,13,0,Multiple,No,Yes,No,80,Driver,Male,46
2201603070060,VIC,7,3,2016,18,3,Single,No,No,No,100,Driver,Female,69
1201603080061,NSW,8,3,2016,9,28,Single,No,No,No,50,Driver,Female,84
5201603080035,WA,8,3,2016,13,26,Multiple,No,No,Yes,110,Driver,Male,64
2201603080061,VIC,8,3,2016,14,30,Single,No,No,No,110,Driver,Male,77
1201603080062,NSW,8,3,2016,16,38,Multiple,No,Yes,No,90,Driver,Male,55
2201603080062,VIC,8,3,2016,17,20,Single,No,No,No,100,Driver,Male,20
2201603080063,VIC,8,3,2016,20,45,Multiple,No,No,No,80,Motorcycle rider,Male,36
3201603080044,QLD,8,3,2016,20,0,Pedestrian,No,No,No,100,Pedestrian,Male,23
1201603090064,NSW,9,3,2016,2,10,Multiple,No,Yes,No,50,Driver,Male,34
1201603090063,NSW,9,3,2016,20,20,Multiple,No,No,No,60,Driver,Male,58
2201603100064,VIC,10,3,2016,6,0,Multiple,No,Yes,No,100,Passenger,Female,38
2201603100064,VIC,10,3,2016,6,0,Multiple,No,Yes,No,100,Driver,Male,43
2201603100065,VIC,10,3,2016,16,36,Pedestrian,No,No,Yes,50,Pedestrian,Male,81
1201603100065,NSW,10,3,2016,17,5,Single,No,No,No,100,Driver,Male,87
6201603100008,TAS,10,3,2016,18,10,Single,No,No,No,100,Passenger,Female,26
3201603110045,QLD,11,3,2016,7,0,Single,No,No,No,100,Passenger,Male,74
1201603110066,NSW,11,3,2016,10,30,Pedestrian,No,No,No,60,Pedestrian,Female,65
1201603110068,NSW,11,3,2016,12,0,Multiple,No,No,No,60,Motorcycle rider,Male,59
1201603110067,NSW,11,3,2016,14,30,Multiple,No,Yes,No,100,Driver,Male,32
3201603110046,QLD,11,3,2016,23,0,Single,No,No,No,60,Driver,Male,21
4201603120012,SA,12,3,2016,6,10,Multiple,No,No,No,90,Passenger,Male,41
4201603120013,SA,12,3,2016,6,30,Single,No,No,No,50,Motorcycle rider,Male,31
1201603120069,NSW,12,3,2016,7,40,Multiple,No,Yes,No,80,Driver,Female,22
2201603120066,VIC,12,3,2016,10,5,Single,No,No,No,50,Motorcycle rider,Male,44
6201603120009,TAS,12,3,2016,12,25,Single,No,No,No,100,Motorcycle rider,Male,24
5201603120036,WA,12,3,2016,15,15,Single,No,No,No,110,Motorcycle rider,Male,29
3201603130047,QLD,13,3,2016,2,0,Single,No,No,No,60,Motorcycle rider,Male,33
1201603130070,NSW,13,3,2016,10,30,Multiple,No,No,No,100,Driver,Male,82
1201603130071,NSW,13,3,2016,17,50,Multiple,No,No,No,110,Motorcycle rider,Male,18
2201603140067,VIC,14,3,2016,10,40,Multiple,No,No,No,80,Motorcycle rider,Male,69
2201603140068,VIC,14,3,2016,11,10,Single,No,No,No,100,Bicyclist,Male,66
3201603140048,QLD,14,3,2016,18,0,Multiple,No,No,No,80,Bicyclist,Male,42
3201603140049,QLD,14,3,2016,21,0,Single,No,No,No,60,Motorcycle rider,Male,44
4201603150014,SA,15,3,2016,10,30,Multiple,No,No,Yes,100,Bicyclist,Male,61
1201603150072,NSW,15,3,2016,15,40,Multiple,Yes,No,No,60,Driver,Male,20
2201603150069,VIC,15,3,2016,16,12,Single,No,No,No,50,Motorcycle rider,Male,58
5201603150037,WA,15,3,2016,21,7,Single,No,No,No,110,Driver,Male,48
1201603150073,NSW,15,3,2016,22,30,Multiple,No,No,Yes,80,Driver,Male,19
3201603160050,QLD,16,3,2016,8,0,Multiple,No,No,No,60,Driver,Male,88
7201603160007,NT,16,3,2016,13,20,Multiple,No,No,Yes,130,Motorcycle rider,Male,27
1201603170074,NSW,17,3,2016,7,30,Multiple,No,No,Yes,100,Driver,Male,37
3201603170051,QLD,17,3,2016,14,0,Pedestrian,No,No,No,50,Pedestrian,Male,92
2201603180070,VIC,18,3,2016,13,9,Single,No,No,No,110,Driver,Male,83
1201603180075,NSW,18,3,2016,17,45,Single,No,No,No,100,Driver,Female,49
7201603180008,NT,18,3,2016,21,0,Single,No,No,No,110,Driver,Male,30
1201603190076,NSW,19,3,2016,3,15,Single,No,No,No,100,Driver,Male,17
2201603190071,VIC,19,3,2016,4,0,Single,No,No,No,90,Driver,Male,23
5201603190038,WA,19,3,2016,10,45,Single,No,No,No,110,Motorcycle rider,Male,48
1201603200078,NSW,20,3,2016,1,20,Single,No,No,No,70,Driver,Male,76
6201603200010,TAS,20,3,2016,13,37,Multiple,No,No,No,50,Driver,Male,77
1201603200077,NSW,20,3,2016,20,35,Multiple,No,No,No,100,Driver,Male,38
3201603210052,QLD,21,3,2016,1,0,Single,No,No,No,100,Driver,Male,19
1201603210080,NSW,21,3,2016,14,30,Multiple,No,Yes,No,110,Driver,Male,26
2201603210072,VIC,21,3,2016,14,40,Multiple,No,No,No,100,Passenger,Female,80
5201603210039,WA,21,3,2016,15,30,Multiple,Yes,No,No,110,Driver,Male,70
1201603210079,NSW,21,3,2016,17,34,Multiple,No,Yes,No,80,Driver,Female,25
2201603210073,VIC,21,3,2016,20,58,Single,No,No,No,70,Motorcycle rider,Male,26
3201603220053,QLD,22,3,2016,15,0,Pedestrian,No,No,No,50,Pedestrian,Male,1
1201603220081,NSW,22,3,2016,16,55,Multiple,No,Yes,No,50,Driver,Male,88
5201603230040,WA,23,3,2016,21,0,Multiple,No,No,Yes,110,Driver,Female,24
1201603240082,NSW,24,3,2016,2,44,Multiple,No,No,Yes,100,Driver,Male,27
5201603240041,WA,24,3,2016,6,30,Single,No,No,No,60,Motorcycle rider,Male,36
2201603240074,VIC,24,3,2016,8,30,Multiple,No,No,No,60,Passenger,Male,82
5201603250042,WA,25,3,2016,12,30,Multiple,No,Yes,No,110,Driver,Male,46
7201603260009,NT,26,3,2016,5,30,Single,No,No,No,130,Driver,Male,37
5201603280043,WA,28,3,2016,12,10,Single,No,No,No,80,Motorcycle rider,Male,33
1201603280083,NSW,28,3,2016,13,20,Multiple,No,No,No,100,Driver,Female,44
4201603280015,SA,28,3,2016,15,20,Multiple,No,No,No,80,Driver,Female,76
2201603290075,VIC,29,3,2016,3,32,Single,No,No,No,80,Driver,Male,20
5201603290044,WA,29,3,2016,10,15,Multiple,No,No,No,60,Bicyclist,Female,69
1201603290084,NSW,29,3,2016,13,0,Single,No,No,No,80,Driver,Male,82
1201603290084,NSW,29,3,2016,13,0,Single,No,No,No,80,Passenger,Female,84
5201603290045,WA,29,3,2016,15,0,Multiple,No,No,No,60,Bicyclist,Male,43
3201603290054,QLD,29,3,2016,17,0,Single,No,No,No,60,Bicyclist,Male,78
1201603300085,NSW,30,3,2016,15,40,Multiple,No,No,No,100,Driver,Female,69
3201603310055,QLD,31,3,2016,14,0,Single,No,No,No,70,Motorcycle rider,Male,45
3201604010056,QLD,1,4,2016,18,0,Multiple,No,No,No,70,Motorcycle rider,Male,40
1201604010086,NSW,1,4,2016,23,35,Pedestrian,No,No,No,70,Pedestrian,Male,20
1201604020087,NSW,2,4,2016,8,45,Single,No,No,No,80,Driver,Female,69
3201604020057,QLD,2,4,2016,23,0,Single,No,No,No,100,Passenger,Male,16
3201604020057,QLD,2,4,2016,23,0,Single,No,No,No,100,Passenger,Male,18
1201604030090,NSW,3,4,2016,10,0,Single,Yes,No,No,50,Passenger,Female,93
3201604030059,QLD,3,4,2016,11,0,Multiple,No,No,No,110,Motorcycle rider,Male,43
3201604030058,QLD,3,4,2016,12,0,Multiple,No,No,No,100,Driver,Male,58
1201604030088,NSW,3,4,2016,13,55,Single,No,No,No,100,Motorcycle rider,Male,48
1201604030089,NSW,3,4,2016,14,40,Single,No,No,No,100,Motorcycle rider,Male,51
4201604040016,SA,4,4,2016,19,40,Multiple,No,No,No,100,Driver,Female,23
5201604040046,WA,4,4,2016,19,1,Multiple,Yes,No,No,60,Motorcycle rider,Male,45
1201604050091,NSW,5,4,2016,16,40,Multiple,No,No,Yes,110,Driver,Female,49
1201604050091,NSW,5,4,2016,16,40,Multiple,No,No,Yes,110,Passenger,Female,80
1201604070092,NSW,7,4,2016,9,20,Pedestrian,No,No,No,50,Pedestrian,Male,1
3201604070060,QLD,7,4,2016,10,0,Single,No,No,No,80,Motorcycle rider,Male,33
3201604080061,QLD,8,4,2016,7,0,Multiple,No,No,No,100,Driver,Male,58
6201604080011,TAS,8,4,2016,9,30,Single,No,Yes,Yes,80,Driver,Male,51
3201604080062,QLD,8,4,2016,10,0,Single,No,No,No,70,Driver,Male,83
2201604080076,VIC,8,4,2016,12,25,Multiple,No,No,No,70,Motorcycle rider,Male,29
5201604080047,WA,8,4,2016,17,10,Multiple,No,No,No,50,Pedestrian,Male,1
1201604090093,NSW,9,4,2016,2,40,Multiple,No,No,No,100,Driver,Male,71
1201604090094,NSW,9,4,2016,10,26,Multiple,No,No,Yes,100,Driver,Male,47
1201604090095,NSW,9,4,2016,20,0,Single,No,No,No,60,Motorcycle rider,Male,20
3201604100063,QLD,10,4,2016,4,0,Multiple,No,No,Yes,100,Passenger,Male,59
3201604100064,QLD,10,4,2016,15,0,Single,No,No,No,100,Driver,Female,50
1201604110096,NSW,11,4,2016,7,15,Pedestrian,No,No,No,60,Pedestrian,Female,82
3201604110065,QLD,11,4,2016,9,0,Multiple,No,No,Yes,70,Motorcycle rider,Male,29
1201604110097,NSW,11,4,2016,15,29,Multiple,No,No,No,100,Driver,Male,32
1201604110097,NSW,11,4,2016,15,29,Multiple,No,No,No,100,Driver,Male,76
1201604120098,NSW,12,4,2016,6,18,Multiple,No,No,Yes,100,Driver,Female,54
1201604120099,NSW,12,4,2016,9,30,Multiple,No,No,Yes,110,Driver,Female,18
4201604120017,SA,12,4,2016,11,30,Multiple,No,No,No,80,Passenger,Male,75
3201604120066,QLD,12,4,2016,12,0,Single,No,No,No,50,Driver,Male,91
4201604120018,SA,12,4,2016,12,25,Single,No,No,No,80,Driver,Female,82
7201604120010,NT,12,4,2016,13,0,Single,No,No,No,110,Passenger,Female,32
2201604120077,VIC,12,4,2016,17,5,Multiple,No,No,No,60,Motorcycle rider,Male,28
1201604130101,NSW,13,4,2016,6,0,Single,No,No,No,100,Driver,Male,49
2201604130078,VIC,13,4,2016,8,50,Pedestrian,No,No,No,50,Pedestrian,Male,48
1201604130100,NSW,13,4,2016,16,25,Single,No,No,No,100,Motorcycle rider,Male,46
3201604130067,QLD,13,4,2016,17,0,Pedestrian,No,No,No,50,Pedestrian,Male,31
5201604130048,WA,13,4,2016,20,55,Single,No,No,No, ,Driver,Male,20
4201604130019,SA,13,4,2016,22,0,Single,No,No,No,110,Driver,Female,47
2201604140079,VIC,14,4,2016,2,41,Single,No,No,No,100,Driver,Female,28
2201604140080,VIC,14,4,2016,7,0,Multiple,No,No,Yes,100,Driver,Female,60
7201604140011,NT,14,4,2016,18,25,Multiple,No,No,No,80,Driver,Male,68
3201604150068,QLD,15,4,2016,11,0,Multiple,No,No,No,60,Driver,Female,72
1201604150102,NSW,15,4,2016,15,30,Multiple,No,Yes,No,70,Motorcycle rider,Male,22
1201604150104,NSW,15,4,2016,17,17,Single,No,No,No,100,Driver,Male,22
5201604150049,WA,15,4,2016,17,41,Multiple,No,No,No,110,Driver,Female,33
1201604150103,NSW,15,4,2016,20,30,Single,No,No,No,100,Driver,Male,30
2201604150081,VIC,15,4,2016,20,10,Single,No,No,No,100,Driver,Male,23
3201604150069,QLD,15,4,2016,21,0,Single,No,No,No,70,Passenger,Male,17
2201604160082,VIC,16,4,2016,0,12,Multiple,No,No,Yes,110,Passenger,Female,74
2201604160082,VIC,16,4,2016,0,12,Multiple,No,No,Yes,110,Passenger,Male,82
2201604160082,VIC,16,4,2016,0,12,Multiple,No,No,Yes,110,Driver,Male,81
3201604160070,QLD,16,4,2016,7,0,Multiple,No,No,No,100,Motorcycle rider,Male,60
4201604170020,SA,17,4,2016,12,35,Multiple,No,Yes,No,110,Passenger,Male,70
4201604170020,SA,17,4,2016,12,35,Multiple,No,Yes,No,110,Passenger,Female,5
4201604170020,SA,17,4,2016,12,35,Multiple,No,Yes,No,110,Driver,Female,69
4201604170020,SA,17,4,2016,12,35,Multiple,No,Yes,No,110,Passenger,Female,10
5201604170050,WA,17,4,2016,12,36,Single,No,No,No,110,Passenger,Male,10
5201604170051,WA,17,4,2016,12,52,Multiple,No,No,No,50,Driver,Male,19
5201604170051,WA,17,4,2016,12,52,Multiple,No,No,No,50,Passenger,Male,19
1201604170105,NSW,17,4,2016,14,0,Single,No,No,No,80,Passenger,Male,13
1201604170106,NSW,17,4,2016,17,0,Single,No,No,No,80,Driver,Male,26
1201604170107,NSW,17,4,2016,17,55,Pedestrian,No,No,No,60,Pedestrian,Male,62
1201604180108,NSW,18,4,2016,8,15,Multiple,No,No,No,100,Driver,Male,23
5201604190052,WA,19,4,2016,8,0,Single,No,No,No,110,Driver,Male,25
5201604190052,WA,19,4,2016,8,0,Single,No,No,No,110,Passenger,Female,18
4201604190021,SA,19,4,2016,9,10,Single,No,No,Yes,100,Driver,Male,24
1201604190109,NSW,19,4,2016,13,45,Single,No,No,No,110,Driver,Male,45
3201604200071,QLD,20,4,2016,9,0,Multiple,No,No,No,100,Driver,Male,96
3201604200071,QLD,20,4,2016,9,0,Multiple,No,No,No,100,Passenger,Female,91
7201604200012,NT,20,4,2016,13,4,Pedestrian,No,No,No,100,Pedestrian,Male,33
2201604200083,VIC,20,4,2016,15,30,Pedestrian,No,No,No,60,Pedestrian,Male,58
2201604200084,VIC,20,4,2016,15,24,Multiple,No,No,No,60,Motorcycle rider,Male,26
5201604200053,WA,20,4,2016,15,56,Multiple,No,No,No,110,Driver,Male,35
1201604210110,NSW,21,4,2016,5,20,Single,No,Yes,No,60,Driver,Male,27
3201604210072,QLD,21,4,2016,14,0,Single,No,No,No,80,Driver,Male,52
6201604210013,TAS,21,4,2016,15,14,Multiple,No,Yes,Yes,100,Driver,Female,36
6201604210013,TAS,21,4,2016,15,14,Multiple,No,Yes,Yes,100,Passenger,Female,60
6201604210012,TAS,21,4,2016,16,30,Multiple,No,No,No,90,Driver,Male,71
4201604220022,SA,22,4,2016,19,50,Single,No,No,No,50,Driver,Female,39
1201604230112,NSW,23,4,2016,0,40,Pedestrian,No,No,No,50,Pedestrian,Female,43
1201604230113,NSW,23,4,2016,1,53,Single,No,No,No,80,Driver,Female,17
1201604230111,NSW,23,4,2016,7,30,Single,No,No,No,110,Driver,Male,21
1201604230111,NSW,23,4,2016,7,30,Single,No,No,No,110,Passenger,Male,17
1201604230111,NSW,23,4,2016,7,30,Single,No,No,No,110,Passenger,Male,23
2201604230085,VIC,23,4,2016,14,32,Single,No,No,No,100,Passenger,Female,4
1201604240114,NSW,24,4,2016,4,35,Single,No,No,No,60,Driver,Male,47
3201604240073,QLD,24,4,2016,5,0,Single,No,No,No,70,Driver,Male,29
1201604240115,NSW,24,4,2016,11,25,Single,No,No,No,100,Driver,Male,77
2201604240086,VIC,24,4,2016,13,32,Multiple,No,No,No,60,Motorcycle rider,Male,21
6201604250014,TAS,25,4,2016,1,10,Single,No,No,No,80,Driver,Male,46
3201604250074,QLD,25,4,2016,7,0,Single,No,No,No,100,Motorcycle rider,Male,42
1201604250116,NSW,25,4,2016,19,45,Single,No,No,No,100,Driver,Male,53
1201604260121,NSW,26,4,2016,1,20,Single,No,No,No,50,Driver,Female,19
2201604260087,VIC,26,4,2016,6,50,Multiple,No,Yes,No,70,Driver,Male,53
1201604260117,NSW,26,4,2016,14,53,Pedestrian,No,No,No,40,Pedestrian,Male,81
1201604260120,NSW,26,4,2016,16,55,Pedestrian,No,No,No,60,Pedestrian,Female,15
1201604260118,NSW,26,4,2016,17,19,Pedestrian,No,No,No,50,Pedestrian,Male,2
1201604260119,NSW,26,4,2016,21,20,Multiple,No,No,No,40,Bicyclist,Male,79
5201604270054,WA,27,4,2016,18,0,Multiple,No,No,No,90,Pedestrian,Female,23
1201604280123,NSW,28,4,2016,0,20,Single,No,No,No,100,Driver,Male,23
6201604280015,TAS,28,4,2016,7,28,Single,No,No,No,100,Motorcycle rider,Male,17
1201604280122,NSW,28,4,2016,16,5,Multiple,Yes,No,No,60,Driver,Male,33
2201604290088,VIC,29,4,2016,6,55,Multiple,No,No,No,110,Driver,Male,61
2201604290089,VIC,29,4,2016,16,30,Multiple,No,No,No,100,Driver,Female,35
6201604290016,TAS,29,4,2016,21,5,Multiple,No,No,No,80,Driver,Male,29
1201604290124,NSW,29,4,2016,22,0,Single,No,No,No,100,Driver,Male,44
2201604300090,VIC,30,4,2016,0,51,Multiple,No,No,No,60,Driver,Female,33
1201604300125,NSW,30,4,2016,2,30,Single,No,No,No,100,Driver,Male,22
7201604300013,NT,30,4,2016,2,30,Single,No,No,No,60,Motorcycle rider,Male,43
5201605010055,WA,1,5,2016,8,0,Single,No,No,No,110,Driver,Male,40
3201605010075,QLD,1,5,2016,10,0,Single,No,No,No,100,Motorcycle rider,Male,60
3201605010076,QLD,1,5,2016,22,0,Single,No,No,No,40,Driver,Male,34
4201605020023,SA,2,5,2016,16,30,Multiple,No,Yes,No,70,Passenger,Male,83
2201605020091,VIC,2,5,2016,22,10,Multiple,No,No,No,110,Driver,Male,21
2201605030092,VIC,3,5,2016,19,45,Multiple,No,No,No,60,Driver,Male,40
1201605040126,NSW,4,5,2016,11,50,Multiple,No,Yes,No,80,Motorcycle rider,Male,46
2201605040093,VIC,4,5,2016,11,45,Multiple,No,No,No,60,Driver,Female,87
3201605040077,QLD,4,5,2016,14,0,Multiple,Yes,No,No,100,Driver,Male,82
2201605040094,VIC,4,5,2016,18,34,Pedestrian,No,No,No,50,Pedestrian,Female,61
5201605050056,WA,5,5,2016,5,4,Multiple,No,No,No,110,Driver,Male,38
3201605050078,QLD,5,5,2016,8,0,Multiple,No,No,No,80,Passenger,Male,84
3201605050078,QLD,5,5,2016,8,0,Multiple,No,No,No,80,Passenger,Female,79
1201605050127,NSW,5,5,2016,16,0,Single,No,No,No,110,Passenger,Male,1
3201605050079,QLD,5,5,2016,20,0,Single,No,No,No,60,Passenger,Female,54
2201605060095,VIC,6,5,2016,18,0,Pedestrian,Yes,No,No,60,Pedestrian,Male,59
2201605070096,VIC,7,5,2016,10,55,Multiple,No,No,No,100,Passenger,Male,31
5201605070057,WA,7,5,2016,15,35,Single,No,No,No,110,Driver,Male,70
2201605070097,VIC,7,5,2016,16,17,Single,No,No,No,80,Motorcycle rider,Male,47
5201605080058,WA,8,5,2016,17,45,Multiple,No,No,No,70,Motorcycle rider,Female,53
5201605080059,WA,8,5,2016,22,30,Single,No,No,No,50,Driver,Male,45
2201605090098,VIC,9,5,2016,8,10,Single,No,No,No,100,Driver,Female,19
4201605090024,SA,9,5,2016,22,20,Single,No,No,No,110,Driver,Male,28
1201605100129,NSW,10,5,2016,8,43,Multiple,No,Yes,No,90,Driver,Male,30
5201605100060,WA,10,5,2016,10,30,Single,No,Yes,No,110,Driver,Male,59
2201605100099,VIC,10,5,2016,12,4,Pedestrian,No,No,No,70,Pedestrian,Female,43
1201605100128,NSW,10,5,2016,17,40,Pedestrian,No,No,No,80,Pedestrian,Male,75
4201605110025,SA,11,5,2016,6,55,Single,No,No,No,50,Bicyclist,Male,93
3201605110080,QLD,11,5,2016,18,0,Multiple,No,No,No,100,Driver,Male,58
4201605120026,SA,12,5,2016,13,49,Single,No,No,Yes,110,Driver,Male,39
5201605120061,WA,12,5,2016,14,57,Multiple,No,Yes,No,110,Passenger,Male,35
1201605120130,NSW,12,5,2016,17,30,Multiple,No,No,No,100,Driver,Male,52
1201605120131,NSW,12,5,2016,20,43,Pedestrian,No,No,No,50,Pedestrian,Male,40
6201605120017,TAS,12,5,2016,23,22,Single,No,No,No,100,Driver,Male,39
1201605130133,NSW,13,5,2016,5,15,Single,No,No,No,50,Driver,Male,76
1201605130132,NSW,13,5,2016,6,23,Multiple,No,Yes,No,70,Motorcycle rider,Male,49
5201605130062,WA,13,5,2016,6,53,Pedestrian,No,No,No,60,Pedestrian,Male,80
2201605130100,VIC,13,5,2016,7,28,Multiple,No,No,No,90,Driver,Male,27
1201605130134,NSW,13,5,2016,23,25,Single,No,No,No,100,Passenger,Male,68
1201605130134,NSW,13,5,2016,23,25,Single,No,No,No,100,Passenger,Male,16
1201605140135,NSW,14,5,2016,19,56,Multiple,No,No,No,80,Driver,Female,89
1201605150136,NSW,15,5,2016,15,30,Multiple,No,No,No,90,Motorcycle rider,Male,60
4201605150027,SA,15,5,2016,15,35,Single,No,No,No,50,Passenger,Female,92
7201605150014,NT,15,5,2016,17,0,Single,No,No,No,110,Passenger,Male,7
3201605150081,QLD,15,5,2016,20,0,Multiple,No,No,No,60,Motorcycle rider,Male,57
1201605160137,NSW,16,5,2016,4,30,Multiple,No,Yes,No,80,Passenger,Female,67
2201605160101,VIC,16,5,2016,6,55,Pedestrian,No,Yes,No,60,Pedestrian,Male,63
2201605160102,VIC,16,5,2016,9,10,Multiple,No,No,No,80,Driver,Female,61
1201605160138,NSW,16,5,2016,10,49,Single,No,No,No,80,Driver,Male,49
1201605160139,NSW,16,5,2016,12,0,Single,No,No,No,110,Passenger,Female,90
2201605160103,VIC,16,5,2016,14,3,Single,No,No,No,80,Motorcycle rider,Male,54
3201605160082,QLD,16,5,2016,15,0,Multiple,No,No,No,100,Driver,Male,26
3201605160082,QLD,16,5,2016,15,0,Multiple,No,No,No,100,Driver,Male,78
3201605160083,QLD,16,5,2016,15,0,Multiple,No,No,No,80,Motorcycle rider,Male,30
1201605170140,NSW,17,5,2016,0,17,Multiple,No,No,No,100,Motorcycle rider,Male,51
2201605170104,VIC,17,5,2016,8,49,Multiple,No,No,No,60,Driver,Male,38
2201605180105,VIC,18,5,2016,6,40,Multiple,No,No,No,80,Motorcycle rider,Male,36
3201605180084,QLD,18,5,2016,10,0,Pedestrian,No,No,No,50,Pedestrian,Female,85
3201605180085,QLD,18,5,2016,15,0,Multiple,No,No,No,60,Motorcycle rider,Male,55
5201605180063,WA,18,5,2016,19,50,Multiple,No,No,No,110,Driver,Male,38
5201605180063,WA,18,5,2016,19,50,Multiple,No,No,No,110,Driver,Female,32
1201605200141,NSW,20,5,2016,8,45,Pedestrian,No,Yes,No,60,Pedestrian,Female,60
2201605200106,VIC,20,5,2016,18,15,Multiple,No,No,No,60,Driver,Male,53
5201605200064,WA,20,5,2016,19,41,Single,No,No,No,100,Driver,Male,18
1201605210142,NSW,21,5,2016,0,20,Single,No,No,No,90,Driver,Male,23
1201605210143,NSW,21,5,2016,9,50,Multiple,No,No,No,80,Motorcycle rider,Male,36
3201605210086,QLD,21,5,2016,20,0,Multiple,No,No,Yes,80,Driver,Male,80
1201605210144,NSW,21,5,2016,21,45,Pedestrian,No,No,No,60,Pedestrian,Female,39
1201605210145,NSW,21,5,2016,21,57,Single,No,No,No,100,Driver,Male,27
1201605220148,NSW,22,5,2016,5,50,Single,No,No,No,80,Driver,Female,33
1201605220147,NSW,22,5,2016,6,0,Single,No,No,No,110,Driver,Male,24
3201605220087,QLD,22,5,2016,8,0,Single,No,No,No,100,Driver,Male,29
1201605220146,NSW,22,5,2016,18,20,Multiple,No,No,No,80,Driver,Male,48
2201605220107,VIC,22,5,2016,20,45,Single,No,No,No,50,Driver,Male,46
3201605230088,QLD,23,5,2016,10,0,Multiple,No,Yes,No,100,Driver,Female,23
3201605230088,QLD,23,5,2016,10,0,Multiple,No,Yes,No,100,Passenger,Female,18
2201605230108,VIC,23,5,2016,20,29,Multiple,No,No,No,50,Motorcycle rider,Male,32
4201605230028,SA,23,5,2016,20,55,Multiple,No,No,Yes,100,Passenger,Male,26
2201605240109,VIC,24,5,2016,8,37,Multiple,No,Yes,Yes,100,Driver,Male,48
1201605240149,NSW,24,5,2016,15,30,Multiple,No,No,No,50,Driver,Female,63
2201605240110,VIC,24,5,2016,20,15,Multiple,No,No,No,50,Passenger,Male,17
2201605240110,VIC,24,5,2016,20,15,Multiple,No,No,No,50,Driver,Male,19
3201605240089,QLD,24,5,2016,20,0,Pedestrian,No,No,No,60,Pedestrian,Male,50
3201605250090,QLD,25,5,2016,5,0,Pedestrian,No,No,No,60,Pedestrian,Male,79
4201605250029,SA,25,5,2016,11,20,Multiple,No,No,No,50,Passenger,Female,82
2201605260111,VIC,26,5,2016,7,15,Pedestrian,No,No,No,60,Pedestrian,Male,48
1201605260150,NSW,26,5,2016,21,25,Pedestrian,No,No,No,50,Pedestrian,Male,71
2201605260112,VIC,26,5,2016,22,20,Single,No,No,No,100,Driver,Male,39
1201605270152,NSW,27,5,2016,9,0,Pedestrian,No,No,No,50,Pedestrian,Male,96
7201605270015,NT,27,5,2016,18,20,Multiple,No,No,No,60,Driver,Male,34
7201605270015,NT,27,5,2016,18,20,Multiple,No,No,No,60,Passenger,Female,34
1201605270151,NSW,27,5,2016,22,0,Pedestrian,No,No,No,100,Pedestrian,Male,32
5201605280065,WA,28,5,2016,17,26,Multiple,No,No,No,80,Motorcycle rider,Male,42
2201605290113,VIC,29,5,2016,13,28,Single,No,No,No,100,Passenger,Female,15
7201605290016,NT,29,5,2016,15,6,Single,No,No,No,80,Motorcycle rider,Male,29
8201605290002,ACT,29,5,2016,15,15,Pedestrian,No,No,No,50,Pedestrian,Female,44
1201605290153,NSW,29,5,2016,16,0,Multiple,No,No,No,50,Driver,Male,62
3201605290091,QLD,29,5,2016,17,0,Single,No,No,No,60,Passenger,Female,24
2201605300114,VIC,30,5,2016,13,20,Single,No,No,No,100,Driver,Male,47
6201605300018,TAS,30,5,2016,13,0,Multiple,No,No,No,60,Driver,Male,79
1201605300154,NSW,30,5,2016,19,45,Single,No,No,No,50,Driver,Female,17
2201605300115,VIC,30,5,2016,20,45,Single,No,No,No,100,Driver,Female,45
3201605310092,QLD,31,5,2016,2,0,Single,No,No,Yes,60,Driver,Male,31
5201605310066,WA,31,5,2016,8,50,Single,No,No,No,70,Driver,Female,28
5201605310067,WA,31,5,2016,22,8,Multiple,No,No,No,80,Driver,Female,57
5201606010068,WA,1,6,2016,5,40,Single,No,No,No,50,Driver,Female,25
2201606010116,VIC,1,6,2016,6,33,Multiple,No,No,No,100,Driver,Female,23
1201606010155,NSW,1,6,2016,18,55,Single,No,No,No,50,Bicyclist,Male,73
1201606020156,NSW,2,6,2016,2,0,Single,No,No,No,100,Driver,Male,43
5201606020069,WA,2,6,2016,16,11,Multiple,No,No,No,50,Driver,Female,76
7201606020017,NT,2,6,2016,18,55,Pedestrian,No,No,No,70,Pedestrian,Female,48
1201606030157,NSW,3,6,2016,10,53,Pedestrian,No,No,No,90,Pedestrian,Male,19
3201606040093,QLD,4,6,2016,7,0,Multiple,No,No,Yes,100,Driver,Male,57
3201606040093,QLD,4,6,2016,7,0,Multiple,No,No,Yes,100,Passenger,Female,57
1201606040158,NSW,4,6,2016,15,10,Single,No,No,No,100,Driver,Female,28
1201606040159,NSW,4,6,2016,17,45,Pedestrian,No,No,No,60,Pedestrian,Male,60
1201606040160,NSW,4,6,2016,22,12,Multiple,No,No,No,60,Driver,Male,59
3201606040094,QLD,4,6,2016,22,0,Pedestrian,No,No,No,80,Pedestrian,Male,26
1201606050161,NSW,5,6,2016,2,30,Multiple,No,No,No,60,Motorcycle rider,Male,18
3201606050095,QLD,5,6,2016,19,0,Multiple,No,No,No,100,Driver,Male,68
2201606050117,VIC,5,6,2016,22,0,Multiple,No,No,No,80,Passenger,Female,62
2201606050117,VIC,5,6,2016,22,0,Multiple,No,No,No,80,Driver,Female,57
3201606060096,QLD,6,6,2016,16,0,Single,No,No,No,60,Motorcycle rider,Male,23
2201606060118,VIC,6,6,2016,19,40,Multiple,No,No,No,100,Driver,Female,28
5201606060070,WA,6,6,2016,19,14,Multiple,No,No,No,60,Pedestrian,Male,34
4201606070030,SA,7,6,2016,15,40,Multiple,No,No,No,50,Driver,Female,87
4201606070031,SA,7,6,2016,19,15,Multiple,No,No,Yes,80,Driver,Male,38
1201606080162,NSW,8,6,2016,14,55,Single,No,No,No,100,Driver,Male,54
3201606090097,QLD,9,6,2016,2,0,Single,No,No,No,70,Driver,Female,21
5201606090071,WA,9,6,2016,13,6,Single,No,No,No,80,Driver,Male,38
3201606090098,QLD,9,6,2016,15,0,Single,No,No,No,60,Motorcycle rider,Male,82
5201606090072,WA,9,6,2016,15,20,Single,No,No,No,110,Driver,Male,24
1201606090163,NSW,9,6,2016,17,40,Pedestrian,No,No,No,100,Pedestrian,Male,52
1201606090164,NSW,9,6,2016,21,55,Multiple,No,No,Yes,100,Driver,Male,47
1201606100165,NSW,10,6,2016,4,0,Multiple,No,Yes,No,100,Driver,Male,45
3201606100100,QLD,10,6,2016,7,0,Single,No,No,Yes,100,Driver,Male,48
1201606100167,NSW,10,6,2016,8,15,Pedestrian,No,No,No,50,Pedestrian,Female,63
3201606100099,QLD,10,6,2016,15,0,Multiple,No,No,No,100,Driver,Male,37
3201606100099,QLD,10,6,2016,15,0,Multiple,No,No,No,100,Driver,Male,70
2201606100119,VIC,10,6,2016,20,30,Single,No,No,No,100,Passenger,Male,66
2201606100119,VIC,10,6,2016,20,30,Single,No,No,No,100,Passenger,Male,45
5201606100073,WA,10,6,2016,21,10,Single,No,No,No,60,Motorcycle rider,Male,39
1201606100166,NSW,10,6,2016,23,55,Single,No,No,No,100,Driver,Male,16
1201606100166,NSW,10,6,2016,23,55,Single,No,No,No,100,Passenger,Male,14
2201606110120,VIC,11,6,2016,9,50,Single,No,No,No,80,Driver,Male,42
3201606120101,QLD,12,6,2016,3,0,Pedestrian,No,No,No,70,Pedestrian,Male,25
4201606120032,SA,12,6,2016,4,10,Single,No,No,No,100,Driver,Male,22
3201606120102,QLD,12,6,2016,11,0,Multiple,No,No,No,80,Motorcycle rider,Male,30
2201606120121,VIC,12,6,2016,18,30,Single,No,No,No,100,Driver,Male,46
5201606120074,WA,12,6,2016,18,40,Single,No,No,No, ,Driver,Female,40
2201606130122,VIC,13,6,2016,11,6,Multiple,No,No,No,100,Motorcycle rider,Male,50
1201606140168,NSW,14,6,2016,6,20,Pedestrian,No,No,No,50,Pedestrian,Male,89
5201606140075,WA,14,6,2016,8,7,Single,No,No,No,110,Driver,Male,19
1201606140169,NSW,14,6,2016,13,30,Multiple,No,No,Yes,100,Driver,Male,41
1201606140169,NSW,14,6,2016,13,30,Multiple,No,No,Yes,100,Driver,Male,58
3201606150103,QLD,15,6,2016,10,0,Single,No,No,No,70,Passenger,Male,22
1201606150170,NSW,15,6,2016,14,25,Multiple,No,No,No,100,Driver,Male,76
1201606150170,NSW,15,6,2016,14,25,Multiple,No,No,No,100,Passenger,Male,74
2201606150123,VIC,15,6,2016,17,35,Pedestrian,No,No,No,60,Pedestrian,Male,51
5201606160076,WA,16,6,2016,0,1,Single,No,No,No,110,Driver,Male,26
2201606160124,VIC,16,6,2016,6,13,Multiple,No,No,Yes,100,Driver,Female,59
1201606160171,NSW,16,6,2016,16,5,Pedestrian,No,No,No,50,Pedestrian,Female,59
1201606160172,NSW,16,6,2016,17,40,Pedestrian,No,No,No,60,Pedestrian,Male,17
1201606170173,NSW,17,6,2016,15,53,Pedestrian,No,No,No,70,Pedestrian,Male,3
3201606170104,QLD,17,6,2016,15,0,Multiple,No,No,No,100,Motorcycle rider,Male,61
1201606170174,NSW,17,6,2016,16,55,Multiple,Yes,No,No,50,Driver,Male,57
3201606170105,QLD,17,6,2016,18,0,Single,No,No,No,80,Driver,Male,94
4201606170033,SA,17,6,2016,18,0,Single,No,No,No,110,Driver,Female,22
1201606180175,NSW,18,6,2016,1,30,Pedestrian,No,No,No,70,Pedestrian,Male,16
5201606180077,WA,18,6,2016,8,0,Single,No,No,No,110,Driver,Male,31
3201606180106,QLD,18,6,2016,17,0,Single,No,No,No,60,Driver,Female,41
2201606180125,VIC,18,6,2016,21,21,Single,No,No,No,80,Driver,Male,70
1201606190176,NSW,19,6,2016,8,40,Single,No,No,No,80,Driver,Male,23
1201606190177,NSW,19,6,2016,14,28,Multiple,No,No,No,80,Motorcycle rider,Male,55
4201606190034,SA,19,6,2016,19,0,Single,No,No,No,50,Bicyclist,Male,46
1201606190178,NSW,19,6,2016,21,43,Single,No,No,No,90,Driver,Male,25
3201606200107,QLD,20,6,2016,0,0,Single,No,No,No,100,Driver,Male,36
2201606200126,VIC,20,6,2016,5,0,Single,No,No,No,80,Driver,Male,41
3201606200108,QLD,20,6,2016,7,0,Multiple,No,Yes,No,80,Motorcycle rider,Male,40
2201606200127,VIC,20,6,2016,16,15,Multiple,No,No,No,80,Driver,Male,86
4201606210035,SA,21,6,2016,9,55,Multiple,No,No,No,80,Passenger,Female,26
1201606210179,NSW,21,6,2016,10,20,Pedestrian,No,No,No,50,Pedestrian,Female,87
6201606210019,TAS,21,6,2016,17,13,Multiple,No,Yes,Yes,100,Passenger,Female,16
6201606210019,TAS,21,6,2016,17,13,Multiple,No,Yes,Yes,100,Passenger,Male,0
2201606220128,VIC,22,6,2016,17,55,Multiple,No,No,No,70,Driver,Female,47
1201606230180,NSW,23,6,2016,12,45,Single,No,No,No,80,Driver,Male,53
2201606230129,VIC,23,6,2016,15,11,Multiple,No,No,No,50,Bicyclist,Male,47
1201606250181,NSW,25,6,2016,1,0,Single,No,No,No,100,Driver,Male,44
2201606250130,VIC,25,6,2016,7,45,Single,No,No,No,100,Passenger,Male,41
2201606250130,VIC,25,6,2016,7,45,Single,No,No,No,100,Driver,Female,38
1201606250182,NSW,25,6,2016,11,0,Multiple,No,No,No,100,Motorcycle rider,Male,44
2201606250131,VIC,25,6,2016,15,10,Multiple,No,No,No,100,Driver,Female,30
4201606250036,SA,25,6,2016,18,6,Pedestrian,No,No,No,60,Pedestrian,Male,61
1201606250183,NSW,25,6,2016,21,0,Single,No,No,No,60,Passenger,Male,41
1201606260184,NSW,26,6,2016,6,15,Multiple,No,No,No,100,Motorcycle rider,Male,46
1201606260185,NSW,26,6,2016,20,50,Multiple,No,No,Yes,100,Driver,Male,32
2201606270132,VIC,27,6,2016,8,12,Single,No,No,No,110,Driver,Male,44
2201606270134,VIC,27,6,2016,12,59,Multiple,No,No,No,60,Driver,Male,82
2201606270133,VIC,27,6,2016,17,23,Single,No,No,No,90,Driver,Male,25
2201606280135,VIC,28,6,2016,0,48,Pedestrian,No,No,No,100,Pedestrian,Male,33
3201606300109,QLD,30,6,2016,7,0,Single,No,No,No,100,Driver,Male,46
3201606300110,QLD,30,6,2016,12,0,Multiple,No,No,No,60,Bicyclist,Male,73
3201607010111,QLD,1,7,2016,0,0,Single,No,No,No,100,Driver,Male,26
1201607010186,NSW,1,7,2016,17,8,Single,No,No,No,80,Motorcycle rider,Male,66
5201607010078,WA,1,7,2016,18,26,Single,No,No,No,50,Driver,Male,28
1201607010187,NSW,1,7,2016,19,35,Single,No,No,No,110,Driver,Male,75
1201607020188,NSW,2,7,2016,0,30,Single,No,No,No,50,Driver,Male,27
2201607020136,VIC,2,7,2016,0,0,Single,No,No,No,60,Driver,Male,36
3201607020112,QLD,2,7,2016,2,0,Single,No,No,No,100,Driver,Male,38
8201607020003,ACT,2,7,2016,5,50,Single,No,No,No,100,Driver,Male,21
1201607020189,NSW,2,7,2016,12,0,Multiple,No,No,No,100,Passenger,Female,31
3201607020113,QLD,2,7,2016,13,0,Single,No,No,No,100,Driver,Male,37
3201607020113,QLD,2,7,2016,13,0,Single,No,No,No,100,Passenger,Female,37
5201607020079,WA,2,7,2016,21,55,Single,No,No,No,80,Driver,Male,58
5201607030080,WA,3,7,2016,15,50,Multiple,No,No,No,110,Motorcycle rider,Female,46
1201607030190,NSW,3,7,2016,21,30,Single,No,No,No,100,Driver,Male,28
1201607030190,NSW,3,7,2016,21,30,Single,No,No,No,100,Passenger,Male,26
3201607040114,QLD,4,7,2016,16,0,Pedestrian,No,No,No,70,Pedestrian,Male,82
2201607050137,VIC,5,7,2016,18,6,Multiple,No,No,No,100,Driver,Male,37
5201607060081,WA,6,7,2016,6,55,Single,No,No,No,110,Driver,Male,62
3201607060115,QLD,6,7,2016,17,0,Single,No,No,No,40,Bicyclist,Male,62
5201607060082,WA,6,7,2016,21,58,Multiple,No,No,No,90,Pedestrian,Male,47
1201607070191,NSW,7,7,2016,6,56,Pedestrian,No,No,No,60,Pedestrian,Male,50
5201607070083,WA,7,7,2016,14,33,Multiple,No,Yes,No,50,Bicyclist,Male,12
4201607080037,SA,8,7,2016,9,0,Multiple,No,No,Yes,90,Driver,Male,25
4201607080038,SA,8,7,2016,12,30,Multiple,No,No,No,110,Motorcycle rider,Male,59
2201607080138,VIC,8,7,2016,14,46,Multiple,No,No,Yes,100,Passenger,Male,45
5201607080086,WA,8,7,2016,14,54,Multiple,No,No,No,80,Motorcycle rider,Male,19
5201607080085,WA,8,7,2016,19,8,Single,No,No,No,80,Passenger,Male,28
5201607080084,WA,8,7,2016,23,0,Single,No,No,No,50,Driver,Male,36
6201607080020,TAS,8,7,2016,23,30,Pedestrian,No,No,No,100,Pedestrian,Male,43
5201607090087,WA,9,7,2016,7,48,Multiple,No,No,No,110,Driver,Male,30
3201607090116,QLD,9,7,2016,12,0,Multiple,No,No,No,80,Motorcycle rider,Male,46
4201607090039,SA,9,7,2016,12,16,Single,No,No,No,50,Motorcycle rider,Male,17
1201607090192,NSW,9,7,2016,17,40,Single,No,No,No,40,Driver,Male,39
1201607090193,NSW,9,7,2016,17,48,Pedestrian,No,No,No,90,Pedestrian,Male,45
2201607100139,VIC,10,7,2016,0,40,Single,No,No,No,80,Driver,Male,59
1201607100194,NSW,10,7,2016,16,40,Multiple,No,No,No,50,Motorcycle rider,Male,61
1201607100195,NSW,10,7,2016,23,0,Single,No,No,No,40,Driver,Male,32
7201607110018,NT,11,7,2016,4,0,Single,No,No,No,130,Passenger,Male,36
3201607110117,QLD,11,7,2016,5,0,Single,No,No,No,100,Driver,Male,19
3201607110118,QLD,11,7,2016,14,0,Pedestrian,No,No,No,50,Pedestrian,Female,82
2201607120140,VIC,12,7,2016,11,45,Multiple,No,No,Yes,110,Driver,Male,21
1201607120196,NSW,12,7,2016,16,0,Multiple,No,No,No,50,Motorcycle rider,Male,46
1201607130197,NSW,13,7,2016,2,45,Single,No,No,No,80,Driver,Male,35
8201607130004,ACT,13,7,2016,7,20,Multiple,No,No,No,100,Driver,Male,53
2201607130141,VIC,13,7,2016,16,0,Pedestrian,No,Yes,No,60,Pedestrian,Male,88
2201607130142,VIC,13,7,2016,23,45,Multiple,No,No,Yes,80,Driver,Female,39
2201607140143,VIC,14,7,2016,2,40,Pedestrian,No,No,No,80,Pedestrian,Male,30
1201607140198,NSW,14,7,2016,11,25,Single,No,No,No,100,Motorcycle rider,Male,67
5201607140088,WA,14,7,2016,15,48,Single,No,No,No,100,Driver,Male,17
1201607150199,NSW,15,7,2016,5,40,Multiple,No,No,No,70,Motorcycle rider,Male,18
1201607150200,NSW,15,7,2016,5,30,Single,No,No,No,80,Driver,Male,45
3201607150120,QLD,15,7,2016,11,0,Single,No,No,Yes,100,Driver,Male,50
3201607150119,QLD,15,7,2016,12,0,Multiple,No,No,No,100,Driver,Female,44
2201607160144,VIC,16,7,2016,4,55,Multiple,No,No,No,70,Driver,Male,32
5201607160090,WA,16,7,2016,16,50,Multiple,No,Yes,No,80,Other/unknown,Male,5
3201607160121,QLD,16,7,2016,19,0,Single,No,No,No,100,Driver,Male,23
2201607160145,VIC,16,7,2016,20,15,Multiple,No,No,No,80,Driver,Male,29
5201607160089,WA,16,7,2016,21,30,Multiple,No,No,No,110,Pedestrian,Male,42
1201607170201,NSW,17,7,2016,1,45,Single,No,No,No,90,Passenger,Male,41
3201607170122,QLD,17,7,2016,7,0,Single,No,No,No,100,Driver,Male,78
4201607170040,SA,17,7,2016,7,40,Single,No,No,No,100,Driver,Male,22
1201607170204,NSW,17,7,2016,9,30,Single,No,No,No,70,Driver,Male,67
1201607170202,NSW,17,7,2016,12,50,Pedestrian,No,No,No,50,Pedestrian,Female,74
1201607170203,NSW,17,7,2016,21,15,Single,No,No,No,50,Passenger,Male,17
5201607170091,WA,17,7,2016,22,39,Single,No,No,No,100,Driver,Male,52
2201607180146,VIC,18,7,2016,13,40,Pedestrian,No,No,No,80,Pedestrian,Female,60
3201607180123,QLD,18,7,2016,15,0,Multiple,No,No,No,80,Motorcycle rider,Male,37
1201607190205,NSW,19,7,2016,15,0,Single,No,No,No,100,Passenger,Male,72
5201607190092,WA,19,7,2016,17,9,Multiple,No,No,No,110,Motorcycle rider,Male,52
3201607190124,QLD,19,7,2016,21,0,Single,No,No,No,80,Driver,Female,20
2201607190147,VIC,19,7,2016,23,15,Single,No,No,No,100,Driver,Male,31
5201607200093,WA,20,7,2016,0,35,Single,No,No,No,110,Driver,Male,43
2201607200148,VIC,20,7,2016,7,0,Single,No,No,No,100,Driver,Male,21
3201607200125,QLD,20,7,2016,12,0,Multiple,No,No,No,100,Passenger,Female,25
1201607210206,NSW,21,7,2016,0,10,Single,No,No,No,80,Driver,Male,39
1201607210207,NSW,21,7,2016,1,0,Single,No,No,No,50,Motorcycle rider,Male,22
1201607210207,NSW,21,7,2016,1,0,Single,No,No,No,50,Motorcycle pillion passenger,Male,20
1201607210208,NSW,21,7,2016,10,43,Multiple,No,No,Yes,80,Driver,Male,62
3201607210126,QLD,21,7,2016,18,0,Single,No,No,No,80,Driver,Male,85
3201607210127,QLD,21,7,2016,18,0,Single,No,No,No,100,Driver,Male,20
2201607220149,VIC,22,7,2016,0,35,Single,No,No,No,60,Motorcycle pillion passenger,Male,18
1201607220209,NSW,22,7,2016,6,30,Single,No,No,No,100,Driver,Female,18
5201607220094,WA,22,7,2016,10,30,Multiple,No,No,Yes,110,Driver,Male,43
7201607220019,NT,22,7,2016,13,30,Multiple,Yes,No,No, ,Driver,Male,76
7201607220019,NT,22,7,2016,13,30,Multiple,Yes,No,No, ,Passenger,Female,74
3201607220128,QLD,22,7,2016,14,0,Multiple,No,No,Yes,100,Driver,Female,56
3201607220128,QLD,22,7,2016,14,0,Multiple,No,No,Yes,100,Passenger,Female,59
6201607220021,TAS,22,7,2016,18,0,Pedestrian,Yes,No,No,50,Pedestrian,Female,46
3201607220129,QLD,22,7,2016,19,0,Multiple,No,No,No,60,Motorcycle rider,Male,25
3201607230130,QLD,23,7,2016,7,0,Single,No,No,No,60,Driver,Male,64
2201607230150,VIC,23,7,2016,8,50,Single,No,No,No,100,Driver,Female,49
1201607230210,NSW,23,7,2016,15,15,Multiple,No,No,No,80,Motorcycle rider,Male,33
2201607230151,VIC,23,7,2016,21,10,Single,No,No,No,100,Driver,Female,46
2201607230152,VIC,23,7,2016,23,7,Single,No,No,No,60,Motorcycle rider,Male,22
2201607240153,VIC,24,7,2016,9,36,Pedestrian,No,No,No,60,Pedestrian,Male,71
2201607240154,VIC,24,7,2016,17,25,Single,No,No,No,100,Driver,Female,18
2201607250155,VIC,25,7,2016,4,10,Multiple,No,Yes,No,100,Driver,Male,67
3201607250131,QLD,25,7,2016,14,0,Single,No,No,No,100,Motorcycle rider,Male,49
2201607250156,VIC,25,7,2016,18,57,Single,No,No,No,80,Driver,Male,36
2201607250157,VIC,25,7,2016,18,12,Single,No,No,No,100,Driver,Male,23
7201607260020,NT,26,7,2016,2,0,Single,No,No,No,110,Passenger,Male,2
2201607270158,VIC,27,7,2016,1,45,Single,No,No,No,80,Driver,Male,16
7201607280021,NT,28,7,2016,21,30,Single,No,No,No,100,Driver,Male,25
2201607290159,VIC,29,7,2016,15,55,Single,No,No,No,100,Driver,Female,74
3201607290132,QLD,29,7,2016,15,0,Multiple,No,No,Yes,80,Driver,Male,23
1201607290211,NSW,29,7,2016,18,55,Single,No,No,No,100,Driver,Male,54
1201607290211,NSW,29,7,2016,18,55,Single,No,No,No,100,Passenger,Female,32
5201607290095,WA,29,7,2016,18,0,Multiple,No,No,No,60,Pedestrian,Female,78
2201607300160,VIC,30,7,2016,2,17,Pedestrian,No,No,No,60,Pedestrian,Female,24
1201607300212,NSW,30,7,2016,5,0,Single,No,No,No,100,Driver,Male,18
3201607300133,QLD,30,7,2016,15,0,Multiple,No,No,Yes,80,Passenger,Female,45
1201607300213,NSW,30,7,2016,19,45,Pedestrian,No,No,No,110,Pedestrian,Male,36
3201607310134,QLD,31,7,2016,5,0,Pedestrian,No,No,No,60,Pedestrian,Female,71
3201607310135,QLD,31,7,2016,13,0,Multiple,No,No,No,60,Motorcycle rider,Male,66
3201607310136,QLD,31,7,2016,15,0,Single,No,No,No,100,Motorcycle rider,Male,31
2201607310161,VIC,31,7,2016,18,22,Multiple,No,No,No,100,Driver,Female,58
5201607310096,WA,31,7,2016,20,0,Single,No,No,No,110,Passenger,Female,4
1201608010214,NSW,1,8,2016,5,0,Single,No,No,No,100,Driver,Male,52
3201608010137,QLD,1,8,2016,5,0,Multiple,No,Yes,No,80,Driver,Male,23
2201608010162,VIC,1,8,2016,6,19,Single,No,No,No,80,Driver,Male,27
2201608010163,VIC,1,8,2016,15,0,Multiple,No,No,No,60,Driver,Male,85
3201608010138,QLD,1,8,2016,17,0,Single,No,No,No,60,Passenger,Female,21
1201608020215,NSW,2,8,2016,19,0,Single,No,No,No,80,Driver,Female,67
1201608030216,NSW,3,8,2016,6,0,Single,No,Yes,No,80,Driver,Male,24
2201608030164,VIC,3,8,2016,9,20,Multiple,No,No,No,100,Passenger,Female,57
1201608030217,NSW,3,8,2016,14,45,Single,No,No,No,80,Driver,Female,59
3201608030139,QLD,3,8,2016,18,0,Pedestrian,No,No,No,60,Pedestrian,Male,84
3201608030140,QLD,3,8,2016,19,0,Multiple,No,No,No,100,Driver,Female,17
1201608040218,NSW,4,8,2016,23,50,Single,No,No,No,60,Driver,Male,20
2201608050165,VIC,5,8,2016,0,30,Single,No,No,No,60,Driver,Male,24
1201608050220,NSW,5,8,2016,16,10,Pedestrian,Yes,No,No,60,Pedestrian,Male,73
2201608050166,VIC,5,8,2016,21,55,Single,No,No,No,100,Driver,Female,48
1201608050219,NSW,5,8,2016,22,40,Single,No,No,No,100,Driver,Male,22
1201608060221,NSW,6,8,2016,19,40,Pedestrian,No,No,No,50,Pedestrian,Female,32
5201608060097,WA,6,8,2016,19,30,Single,No,No,No, ,Driver,Male,36
2201608060167,VIC,6,8,2016,20,5,Multiple,No,No,No,70,Passenger,Female,93
5201608070098,WA,7,8,2016,1,37,Single,No,No,No,110,Driver,Male,36
1201608070222,NSW,7,8,2016,5,50,Single,No,No,No,100,Driver,Male,21
4201608070041,SA,7,8,2016,8,35,Single,No,No,No,80,Driver,Male,41
1201608070224,NSW,7,8,2016,11,0,Multiple,No,No,No,50,Passenger,Female,38
1201608070223,NSW,7,8,2016,12,45,Multiple,No,No,No,100,Passenger,Female,53
2201608080168,VIC,8,8,2016,13,40,Multiple,No,No,No,80,Passenger,Female,0
1201608080225,NSW,8,8,2016,16,30,Pedestrian,No,No,No,100,Pedestrian,Male,10
3201608090141,QLD,9,8,2016,5,0,Pedestrian,No,No,No,100,Pedestrian,Female,19
2201608090169,VIC,9,8,2016,18,55,Pedestrian,No,No,No,70,Pedestrian,Male,44
7201608100022,NT,10,8,2016,14,50,Single,No,No,No,110,Driver,Male,65
2201608100170,VIC,10,8,2016,18,0,Multiple,No,No,No,60,Driver,Male,87
3201608100142,QLD,10,8,2016,20,0,Pedestrian,No,No,No,60,Pedestrian,Male,31
5201608110099,WA,11,8,2016,11,5,Multiple,No,No,No,60,Driver,Male,66
3201608110143,QLD,11,8,2016,13,0,Multiple,No,No,No,60,Motorcycle rider,Male,45
1201608120229,NSW,12,8,2016,1,20,Single,No,No,No,60,Motorcycle rider,Male,20
1201608120226,NSW,12,8,2016,2,0,Pedestrian,No,No,No,80,Pedestrian,Male,48
3201608120144,QLD,12,8,2016,5,0,Single,No,Yes,No,100,Driver,Male,55
2201608120171,VIC,12,8,2016,14,28,Multiple,No,No,No,70,Motorcycle rider,Male,37
1201608120227,NSW,12,8,2016,15,40,Multiple,No,No,Yes,80,Motorcycle rider,Female,59
2201608120172,VIC,12,8,2016,16,20,Pedestrian,No,No,No,80,Pedestrian,Male,51
1201608120228,NSW,12,8,2016,19,0,Single,No,No,No,100,Passenger,Male,15
2201608130173,VIC,13,8,2016,7,50,Pedestrian,No,No,No,60,Pedestrian,Male,85
1201608130230,NSW,13,8,2016,12,45,Multiple,No,No,No,100,Driver,Male,53
1201608130230,NSW,13,8,2016,12,45,Multiple,No,No,No,100,Driver,Male,47
2201608130174,VIC,13,8,2016,13,35,Single,No,No,No,100,Driver,Male,52
7201608130023,NT,13,8,2016,14,15,Single,No,No,No,130,Driver,Male,27
1201608130231,NSW,13,8,2016,18,21,Multiple,No,No,No,100,Motorcycle rider,Male,21
2201608140175,VIC,14,8,2016,3,0,Pedestrian,No,No,No,80,Pedestrian,Female,45
1201608140233,NSW,14,8,2016,4,20,Pedestrian,Yes,No,No,60,Pedestrian,Male,32
1201608140232,NSW,14,8,2016,12,20,Multiple,No,No,No,110,Driver,Female,30
5201608140101,WA,14,8,2016,13,54,Single,No,No,No,70,Motorcycle rider,Male,22
5201608140100,WA,14,8,2016,16,15,Multiple,No,No,No,100,Passenger,Female,25
5201608140102,WA,14,8,2016,19,1,Multiple,No,No,No,90,Driver,Male,28
5201608140102,WA,14,8,2016,19,1,Multiple,No,No,No,90,Passenger,Female,21
5201608140102,WA,14,8,2016,19,1,Multiple,No,No,No,90,Passenger,Female,20
4201608150042,SA,15,8,2016,8,10,Multiple,No,No,No,60,Bicyclist,Male,73
5201608150103,WA,15,8,2016,10,9,Multiple,Yes,No,No,60,Driver,Male,88
4201608160043,SA,16,8,2016,2,50,Single,No,No,No,110,Passenger,Female,48
1201608160234,NSW,16,8,2016,5,20,Multiple,No,No,No,100,Motorcycle rider,Male,44
5201608160104,WA,16,8,2016,11,45,Single,No,No,No,110,Passenger,Male,84
5201608160104,WA,16,8,2016,11,45,Single,No,No,No,110,Driver,Female,81
3201608160145,QLD,16,8,2016,19,0,Multiple,No,No,No,100,Driver,Female,25
1201608170235,NSW,17,8,2016,6,45,Multiple,No,No,No,60,Motorcycle rider,Male,28
5201608170105,WA,17,8,2016,12,9,Multiple,No,Yes,No,60,Passenger,Male,40
2201608180176,VIC,18,8,2016,8,26,Multiple,No,No,No,100,Driver,Male,50
1201608180236,NSW,18,8,2016,9,45,Multiple,No,No,No,90,Driver,Male,69
1201608180237,NSW,18,8,2016,10,25,Pedestrian,No,No,No,50,Pedestrian,Female,69
2201608180177,VIC,18,8,2016,13,40,Multiple,No,Yes,No,100,Driver,Female,63
2201608180178,VIC,18,8,2016,14,37,Multiple,No,No,No,100,Driver,Female,56
4201608180044,SA,18,8,2016,17,0,Multiple,No,No,No,100,Passenger,Male,47
5201608180106,WA,18,8,2016,23,14,Single,No,No,No,110,Driver,Male,54
1201608190238,NSW,19,8,2016,3,20,Multiple,No,Yes,No,70,Driver,Male,65
1201608190239,NSW,19,8,2016,4,0,Single,No,No,No,100,Driver,Male,28
2201608190179,VIC,19,8,2016,9,25,Multiple,No,No,No,100,Driver,Male,41
2201608190179,VIC,19,8,2016,9,25,Multiple,No,No,No,100,Driver,Male,43
3201608190146,QLD,19,8,2016,20,0,Pedestrian,No,No,No,60,Pedestrian,Male,34
5201608200107,WA,20,8,2016,11,55,Multiple,No,No,No,70,Driver,Female,20
3201608200147,QLD,20,8,2016,19,0,Pedestrian,No,No,No,50,Pedestrian,Male,24
2201608210180,VIC,21,8,2016,10,30,Single,No,No,No,100,Driver,Male,38
1201608210240,NSW,21,8,2016,12,0,Single,No,No,No,100,Motorcycle rider,Male,31
2201608210181,VIC,21,8,2016,15,30,Multiple,No,No,Yes,100,Driver,Male,56
2201608220182,VIC,22,8,2016,6,20,Multiple,No,No,No,100,Driver,Male,28
1201608220241,NSW,22,8,2016,9,20,Single,No,No,No,100,Driver,Male,96
4201608220045,SA,22,8,2016,11,14,Multiple,No,Yes,No,80,Driver,Male,34
3201608220148,QLD,22,8,2016,23,0,Multiple,No,No,No,70,Passenger,Female,22
2201608240184,VIC,24,8,2016,6,13,Multiple,No,No,No,60,Motorcycle rider,Male,33
2201608240183,VIC,24,8,2016,12,35,Single,No,No,No,100,Driver,Male,87
7201608240024,NT,24,8,2016,14,0,Single,No,No,No,110,Driver,Male,26
3201608240149,QLD,24,8,2016,17,0,Multiple,No,No,No,80,Driver,Female,49
4201608240046,SA,24,8,2016,18,10,Multiple,No,No,No,80,Passenger,Male,82
5201608240108,WA,24,8,2016,22,55,Single,No,No,No,110,Motorcycle rider,Male,40
2201608250185,VIC,25,8,2016,10,22,Multiple,No,Yes,No,100,Driver,Male,24
7201608250025,NT,25,8,2016,21,5,Pedestrian,No,No,No,80,Pedestrian,Male,42
2201608260186,VIC,26,8,2016,11,50,Multiple,No,No,No,60,Motorcycle rider,Male,25
5201608260109,WA,26,8,2016,13,45,Single,No,No,No,110,Passenger,Female,24
2201608260187,VIC,26,8,2016,14,34,Multiple,No,No,No,80,Driver,Female,77
2201608260188,VIC,26,8,2016,16,10,Single,No,No,No,100,Driver,Female,22
1201608260242,NSW,26,8,2016,18,15,Multiple,No,No,No,60,Bicyclist,Female,66
2201608260189,VIC,26,8,2016,18,20,Multiple,No,No,Yes,60,Motorcycle rider,Male,26
2201608260190,VIC,26,8,2016,23,40,Single,No,No,No,80,Motorcycle rider,Male,25
3201608260150,QLD,26,8,2016,23,0,Single,No,No,No,100,Driver,Male,34
7201608270026,NT,27,8,2016,19,30,Single,No,No,No,110,Driver,Male,45
7201608270026,NT,27,8,2016,19,30,Single,No,No,No,110,Passenger,Female,44
1201608270243,NSW,27,8,2016,22,10,Single,No,No,No,100,Driver,Female,66
1201608280244,NSW,28,8,2016,1,0,Single,No,No,No,80,Driver,Female,30
3201608280151,QLD,28,8,2016,7,0,Single,No,No,No,100,Driver,Male,21
1201608280246,NSW,28,8,2016,9,10,Multiple,No,No,No,100,Motorcycle rider,Female,51
1201608280245,NSW,28,8,2016,18,37,Pedestrian,No,No,No,60,Pedestrian,Female,54
1201608290247,NSW,29,8,2016,19,5,Pedestrian,No,No,No,60,Pedestrian,Female,32
3201608290152,QLD,29,8,2016,21,0,Multiple,No,No,Yes,110,Driver,Male,27
3201608300153,QLD,30,8,2016,15,0,Multiple,No,Yes,No,100,Driver,Male,58
2201608300191,VIC,30,8,2016,20,42,Multiple,No,No,Yes,100,Driver,Female,26
1201608310248,NSW,31,8,2016,15,0,Single,No,No,No,50,Driver,Male,83
5201608310110,WA,31,8,2016,22,41,Single,No,Yes,No,110,Driver,Male,44
3201609010154,QLD,1,9,2016,12,0,Pedestrian,No,No,No,60,Pedestrian,Male,97
5201609010111,WA,1,9,2016,15,45,Single,No,No,No,70,Motorcycle rider,Male,27
3201609010155,QLD,1,9,2016,18,0,Multiple,No,No,No,60,Motorcycle rider,Male,23
3201609010156,QLD,1,9,2016,19,0,Multiple,No,No,No,60,Driver,Male,31
3201609010157,QLD,1,9,2016,20,0,Single,No,No,No,60,Driver,Male,23
1201609020249,NSW,2,9,2016,5,0,Single,No,No,No,100,Passenger,Female,76
1201609020250,NSW,2,9,2016,6,15,Multiple,No,No,No,50,Driver,Female,68
8201609020005,ACT,2,9,2016,8,30,Multiple,No,No,No,70,Motorcycle rider,Male,24
5201609020112,WA,2,9,2016,15,40,Multiple,No,Yes,No,60,Driver,Male,65
3201609020158,QLD,2,9,2016,20,0,Pedestrian,No,No,No,60,Pedestrian,Female,69
3201609030159,QLD,3,9,2016,4,0,Pedestrian,No,No,No,50,Pedestrian,Male,24
1201609030251,NSW,3,9,2016,6,0,Multiple,No,No,No,60,Driver,Female,62
1201609030252,NSW,3,9,2016,6,45,Multiple,No,No,Yes,80,Driver,Male,58
2201609030192,VIC,3,9,2016,11,43,Pedestrian,No,No,No,70,Pedestrian,Male,85
1201609030253,NSW,3,9,2016,21,0,Multiple,No,No,No,60,Driver,Male,32
3201609040160,QLD,4,9,2016,19,0,Single,No,No,No,80,Passenger,Female,59
2201609050193,VIC,5,9,2016,0,10,Single,No,No,No,100,Driver,Male,52
8201609050006,ACT,5,9,2016,3,0,Multiple,No,No,Yes,100,Driver,Male,39
1201609050254,NSW,5,9,2016,9,40,Multiple,No,Yes,No,100,Driver,Male,72
5201609050113,WA,5,9,2016,16,35,Multiple,No,No,No,100,Motorcycle rider,Male,43
3201609070161,QLD,7,9,2016,16,0,Multiple,No,No,No,70,Driver,Male,88
2201609070194,VIC,7,9,2016,18,0,Multiple,No,No,No,70,Motorcycle rider,Male,43
1201609080255,NSW,8,9,2016,10,30,Multiple,No,No,Yes,90,Driver,Male,76
1201609090256,NSW,9,9,2016,5,55,Single,No,No,No,50,Driver,Male,36
2201609090195,VIC,9,9,2016,10,10,Single,No,No,No,60,Driver,Male,75
3201609090162,QLD,9,9,2016,20,0,Pedestrian,No,No,No,80,Pedestrian,Female,26
1201609100257,NSW,10,9,2016,12,15,Single,No,No,No,80,Motorcycle rider,Male,43
5201609100114,WA,10,9,2016,14,58,Single,No,No,No,50,Other/unknown,Male,23
2201609110196,VIC,11,9,2016,11,45,Multiple,No,No,No,100,Driver,Male,28
1201609110258,NSW,11,9,2016,13,15,Multiple,No,No,No,100,Motorcycle rider,Male,43
6201609110022,TAS,11,9,2016,13,20,Multiple,No,No,No,100,Passenger,Female,84
4201609110047,SA,11,9,2016,23,5,Single,No,No,No,80,Driver,Female,22
5201609120115,WA,12,9,2016,0,22,Single,No,No,No,80,Driver,Female,22
1201609120259,NSW,12,9,2016,12,40,Single,No,No,No,50,Passenger,Male,82
1201609120260,NSW,12,9,2016,20,20,Single,No,No,No,80,Motorcycle rider,Male,29
1201609130261,NSW,13,9,2016,14,40,Pedestrian,Yes,No,No,60,Pedestrian,Male,28
5201609130116,WA,13,9,2016,22,20,Single,No,No,No,90,Driver,Male,25
1201609140262,NSW,14,9,2016,12,20,Multiple,No,Yes,No,80,Driver,Male,18
2201609140197,VIC,14,9,2016,15,56,Multiple,No,No,No,60,Passenger,Female,73
2201609140197,VIC,14,9,2016,15,56,Multiple,No,No,No,60,Driver,Female,71
6201609150023,TAS,15,9,2016,21,10,Single,No,No,No,60,Driver,Male,18
6201609150023,TAS,15,9,2016,21,10,Single,No,No,No,60,Passenger,Female,2
4201609160048,SA,16,9,2016,13,35,Multiple,No,Yes,No,80,Driver,Male,20
1201609160263,NSW,16,9,2016,15,10,Multiple,No,No,Yes,100,Driver,Male,53
3201609160163,QLD,16,9,2016,19,0,Single,No,No,No,60,Motorcycle rider,Male,40
2201609160198,VIC,16,9,2016,23,24,Multiple,No,No,No,50,Motorcycle rider,Male,42
1201609170264,NSW,17,9,2016,11,38,Multiple,No,Yes,No,40,Motorcycle rider,Male,36
5201609170117,WA,17,9,2016,19,31,Multiple,No,No,No,70,Passenger,Female,60
5201609170117,WA,17,9,2016,19,31,Multiple,No,No,No,70,Passenger,Male,66
4201609170049,SA,17,9,2016,23,45,Pedestrian,No,No,No,80,Pedestrian,Male,20
1201609180265,NSW,18,9,2016,2,22,Single,No,No,No,90,Driver,Male,25
3201609180164,QLD,18,9,2016,13,0,Multiple,No,No,No,80,Passenger,Male,4
2201609180199,VIC,18,9,2016,19,10,Pedestrian,No,No,No,60,Pedestrian,Female,72
1201609190269,NSW,19,9,2016,0,1,Single,No,No,No,80,Driver,Male,46
1201609190266,NSW,19,9,2016,7,5,Single,No,No,No,110,Driver,Female,71
3201609190165,QLD,19,9,2016,14,0,Multiple,No,No,No,60,Motorcycle rider,Male,43
1201609190267,NSW,19,9,2016,15,0,Multiple,No,No,No,60,Driver,Male,79
2201609190200,VIC,19,9,2016,15,10,Multiple,No,No,Yes,100,Driver,Male,71
1201609190268,NSW,19,9,2016,23,0,Multiple,No,No,Yes,110,Motorcycle rider,Male,22
5201609200118,WA,20,9,2016,18,47,Multiple,No,No,No,70,Pedestrian,Male,71
4201609210050,SA,21,9,2016,14,45,Pedestrian,No,No,No,50,Pedestrian,Male,54
5201609210119,WA,21,9,2016,16,0,Single,No,No,No,100,Motorcycle rider,Female,41
4201609230051,SA,23,9,2016,10,5,Single,No,No,No,110,Passenger,Female,12
1201609230271,NSW,23,9,2016,11,40,Multiple,No,No,No,60,Driver,Female,91
3201609230166,QLD,23,9,2016,12,0,Single,No,No,No,70,Motorcycle rider,Male,18
1201609230272,NSW,23,9,2016,13,40,Single,No,No,No,100,Passenger,Female,53
2201609230201,VIC,23,9,2016,16,25,Multiple,No,No,No, ,Driver,Male,85
1201609230270,NSW,23,9,2016,17,15,Multiple,No,No,No,50,Motorcycle rider,Male,50
2201609230202,VIC,23,9,2016,23,0,Single,No,No,No,100,Driver,Male,39
5201609240120,WA,24,9,2016,8,56,Single,No,No,No,90,Driver,Male,24
3201609250167,QLD,25,9,2016,6,0,Single,No,No,No,100,Motorcycle rider,Male,40
6201609250024,TAS,25,9,2016,10,15,Single,No,No,No,100,Motorcycle rider,Male,79
3201609250168,QLD,25,9,2016,11,0,Multiple,No,No,No,70,Motorcycle rider,Male,49
2201609250203,VIC,25,9,2016,13,45,Multiple,No,No,No,100,Motorcycle rider,Male,41
4201609250052,SA,25,9,2016,15,0,Multiple,No,No,No,110,Driver,Male,87
2201609260204,VIC,26,9,2016,9,40,Pedestrian,No,No,No,777,Pedestrian,Female,89
1201609260273,NSW,26,9,2016,10,30,Multiple,No,Yes,No,100,Driver,Male,72
1201609260273,NSW,26,9,2016,10,30,Multiple,No,Yes,No,100,Passenger,Female,75
1201609260274,NSW,26,9,2016,14,46,Pedestrian,Yes,No,No,40,Pedestrian,Male,48
6201609260025,TAS,26,9,2016,20,9,Single,No,No,No,100,Driver,Male,36
2201609260205,VIC,26,9,2016,23,0,Single,No,No,No,60,Driver,Male,20
4201609270053,SA,27,9,2016,2,0,Single,No,No,No,100,Passenger,Female,29
2201609270206,VIC,27,9,2016,7,40,Pedestrian,No,No,No,60,Pedestrian,Male,87
1201609270277,NSW,27,9,2016,10,0,Pedestrian,No,No,No,40,Pedestrian,Male,86
3201609270169,QLD,27,9,2016,18,0,Pedestrian,No,No,No,100,Pedestrian,Female,38
5201609270121,WA,27,9,2016,20,0,Single,No,No,No,110,Driver,Male,20
1201609270276,NSW,27,9,2016,21,8,Single,No,No,No,100,Passenger,Male,17
1201609270276,NSW,27,9,2016,21,8,Single,No,No,No,100,Passenger,Male,22
1201609270275,NSW,27,9,2016,23,0,Single,No,No,No,80,Passenger,Female,23
2201609280207,VIC,28,9,2016,2,10,Pedestrian,No,No,Yes,110,Pedestrian,Male,50
3201609290170,QLD,29,9,2016,5,0,Multiple,No,No,Yes,80,Driver,Male,31
3201609300171,QLD,30,9,2016,16,0,Single,No,No,No,100,Driver,Male,35
3201610010172,QLD,1,10,2016,4,0,Pedestrian,No,No,No,100,Pedestrian,Male,23
3201610010173,QLD,1,10,2016,5,0,Multiple,No,No,No,80,Motorcycle rider,Male,42
5201610010123,WA,1,10,2016,11,50,Single,No,No,No,110,Driver,Male,16
5201610010123,WA,1,10,2016,11,50,Single,No,No,No,110,Passenger,Male,15
5201610010123,WA,1,10,2016,11,50,Single,No,No,No,110,Passenger,Male,28
7201610010027,NT,1,10,2016,18,30,Single,No,No,No,130,Passenger,Female,62
7201610010028,NT,1,10,2016,22,50,Multiple,No,No,Yes,100,Passenger,Male,31
7201610010028,NT,1,10,2016,22,50,Multiple,No,No,Yes,100,Passenger,Male,25
5201610010122,WA,1,10,2016,23,30,Single,No,No,No,110,Driver,Female,37
5201610020125,WA,2,10,2016,3,30,Single,No,No,No,110,Driver,Male,45
5201610020124,WA,2,10,2016,9,48,Multiple,No,No,No,110,Driver,Male,29
5201610020124,WA,2,10,2016,9,48,Multiple,No,No,No,110,Passenger,Female,26
4201610020054,SA,2,10,2016,15,46,Multiple,No,No,No,100,Passenger,Female,8
1201610020278,NSW,2,10,2016,17,20,Single,No,No,No,50,Driver,Male,59
3201610020174,QLD,2,10,2016,18,0,Single,No,No,No,60,Driver,Male,21
4201610030055,SA,3,10,2016,15,30,Single,No,No,No,60,Other/unknown,Male,71
1201610050279,NSW,5,10,2016,17,30,Pedestrian,No,No,No,60,Pedestrian,Male,85
2201610060208,VIC,6,10,2016,8,30,Multiple,No,Yes,No,60,Driver,Male,80
2201610060209,VIC,6,10,2016,9,40,Multiple,No,No,No,60,Driver,Male,38
1201610060280,NSW,6,10,2016,13,33,Multiple,No,Yes,Yes,80,Driver,Male,46
1201610060280,NSW,6,10,2016,13,33,Multiple,No,Yes,Yes,80,Driver,Male,49
1201610060281,NSW,6,10,2016,16,30,Single,No,No,No,100,Motorcycle rider,Male,36
7201610060029,NT,6,10,2016,20,30,Single,No,No,No,110,Passenger,Female,27
4201610060056,SA,6,10,2016,21,15,Multiple,No,No,No,40,Driver,Female,48
3201610070175,QLD,7,10,2016,7,0,Multiple,No,No,No,80,Driver,Male,29
5201610070126,WA,7,10,2016,9,20,Single,No,No,No,110,Driver,Male,75
1201610070282,NSW,7,10,2016,17,0,Multiple,No,No,No,80,Motorcycle rider,Male,43
7201610070030,NT,7,10,2016,17,10,Single,No,No,No,110,Driver,Male,45
7201610070031,NT,7,10,2016,19,54,Pedestrian,No,No,Yes,10,Pedestrian,Male,46
2201610070210,VIC,7,10,2016,21,20,Single,No,No,No,100,Driver,Male,22
2201610080211,VIC,8,10,2016,16,20,Single,No,No,No,100,Driver,Female,69
4201610080057,SA,8,10,2016,16,37,Single,No,No,No,110,Passenger,Female,66
2201610080212,VIC,8,10,2016,22,45,Multiple,No,No,No,110,Driver,Female,30
3201610080176,QLD,8,10,2016,23,0,Pedestrian,No,No,No,60,Pedestrian,Male,22
3201610090177,QLD,9,10,2016,8,0,Single,No,No,Yes,100,Driver,Male,35
3201610090178,QLD,9,10,2016,10,0,Single,No,No,No,100,Motorcycle rider,Male,52
1201610090283,NSW,9,10,2016,11,44,Pedestrian,Yes,No,No,50,Pedestrian,Female,79
8201610090007,ACT,9,10,2016,16,40,Single,No,No,No,60,Driver,Male,24
5201610090127,WA,9,10,2016,21,31,Multiple,No,No,No,70,Motorcycle rider,Male,19
2201610100213,VIC,10,10,2016,5,15,Pedestrian,No,No,No,100,Pedestrian,Female,53
1201610100284,NSW,10,10,2016,11,3,Multiple,No,No,No,50,Motorcycle rider,Male,14
2201610110214,VIC,11,10,2016,9,25,Multiple,No,No,Yes,60,Driver,Male,61
5201610110128,WA,11,10,2016,19,35,Multiple,No,No,No,80,Pedestrian,Male,48
5201610120129,WA,12,10,2016,10,48,Multiple,No,No,No,80,Motorcycle rider,Male,28
1201610120285,NSW,12,10,2016,16,30,Multiple,No,No,No,100,Driver,Male,41
1201610120285,NSW,12,10,2016,16,30,Multiple,No,No,No,100,Driver,Male,21
5201610120130,WA,12,10,2016,20,48,Single,No,No,No,70,Motorcycle rider,Male,30
2201610130215,VIC,13,10,2016,11,58,Multiple,No,Yes,No,80,Driver,Female,54
1201610130287,NSW,13,10,2016,15,9,Single,No,No,No,110,Passenger,Female,76
1201610130288,NSW,13,10,2016,16,12,Multiple,No,No,No,100,Motorcycle rider,Female,31
8201610130008,ACT,13,10,2016,16,40,Multiple,No,No,No,80,Driver,Female,63
2201610130216,VIC,13,10,2016,17,0,Single,No,No,No,50,Bicyclist,Male,58
1201610130286,NSW,13,10,2016,19,55,Pedestrian,No,No,No,60,Pedestrian,Male,56
6201610140026,TAS,14,10,2016,9,30,Multiple,No,No,No,90,Motorcycle rider,Male,59
2201610140217,VIC,14,10,2016,20,25,Multiple,No,No,Yes,100,Driver,Male,76
7201610140032,NT,14,10,2016,21,34,Single,No,No,No,110,Driver,Male,23
6201610140027,TAS,14,10,2016,23,0,Multiple,No,No,No,40,Motorcycle rider,Male,48
5201610150131,WA,15,10,2016,0,27,Single,No,No,No,60,Motorcycle rider,Male,47
3201610150179,QLD,15,10,2016,6,0,Single,No,No,No,110,Passenger,Female,21
6201610150028,TAS,15,10,2016,12,30,Single,No,No,No,80,Motorcycle rider,Male,16
4201610150058,SA,15,10,2016,18,30,Single,No,No,No,50,Motorcycle rider,Male,22
1201610150289,NSW,15,10,2016,23,0,Single,No,No,No,80,Passenger,Male,20
3201610160180,QLD,16,10,2016,10,0,Single,No,No,No,100,Driver,Male,80
3201610160181,QLD,16,10,2016,10,0,Multiple,No,No,No,100,Motorcycle rider,Male,70
3201610160182,QLD,16,10,2016,10,0,Single,No,No,No,100,Driver,Male,76
1201610180290,NSW,18,10,2016,7,0,Multiple,No,No,No,70,Motorcycle rider,Male,56
4201610180059,SA,18,10,2016,11,0,Multiple,No,No,Yes,110,Driver,Male,72
1201610180291,NSW,18,10,2016,15,20,Multiple,No,Yes,No,100,Driver,Female,35
1201610180292,NSW,18,10,2016,19,24,Multiple,No,No,No,100,Driver,Male,36
3201610190183,QLD,19,10,2016,3,0,Single,No,No,No,100,Driver,Female,26
5201610190132,WA,19,10,2016,15,19,Single,No,No,No,110,Driver,Male,53
4201610190060,SA,19,10,2016,22,0,Multiple,No,No,No,60,Driver,Female,74
3201610200184,QLD,20,10,2016,0,0,Multiple,No,No,No,100,Driver,Male,60
3201610200185,QLD,20,10,2016,5,0,Multiple,No,No,No,60,Motorcycle rider,Male,43
2201610200218,VIC,20,10,2016,12,45,Multiple,No,Yes,No,60,Motorcycle rider,Male,43
5201610200134,WA,20,10,2016,15,5,Multiple,No,No,No,50,Motorcycle rider,Male,41
2201610200219,VIC,20,10,2016,18,15,Single,No,No,No,100,Driver,Male,30
5201610200133,WA,20,10,2016,18,17,Multiple,No,No,No,50,Motorcycle rider,Male,17
4201610210061,SA,21,10,2016,7,10,Single,No,Yes,No,110,Driver,Male,76
1201610210294,NSW,21,10,2016,16,15,Multiple,No,No,Yes,110,Driver,Male,61
1201610210294,NSW,21,10,2016,16,15,Multiple,No,No,Yes,110,Driver,Female,48
2201610210220,VIC,21,10,2016,16,50,Multiple,No,No,No,80,Motorcycle rider,Male,65
1201610210293,NSW,21,10,2016,23,30,Single,No,No,No,100,Driver,Male,17
1201610210293,NSW,21,10,2016,23,30,Single,No,No,No,100,Passenger,Male,18
1201610220296,NSW,22,10,2016,7,10,Single,No,No,No,110,Driver,Male,40
3201610220186,QLD,22,10,2016,8,0,Multiple,No,No,No,60,Motorcycle rider,Male,61
5201610220135,WA,22,10,2016,11,55,Single,No,No,No,110,Passenger,Male,24
5201610220135,WA,22,10,2016,11,55,Single,No,No,No,110,Passenger,Female,20
1201610220295,NSW,22,10,2016,12,43,Single,No,No,No,110,Driver,Male,27
2201610220221,VIC,22,10,2016,20,45,Pedestrian,No,No,No,60,Pedestrian,Female,58
1201610230297,NSW,23,10,2016,13,0,Multiple,No,No,No,50,Driver,Male,57
2201610230222,VIC,23,10,2016,13,30,Single,No,No,No,100,Driver,Male,18
5201610230136,WA,23,10,2016,16,12,Single,No,No,No,110,Motorcycle pillion passenger,Female,10
3201610230187,QLD,23,10,2016,20,0,Single,No,No,No,60,Motorcycle rider,Male,23
1201610240298,NSW,24,10,2016,10,15,Multiple,No,No,No,80,Motorcycle rider,Male,22
2201610240223,VIC,24,10,2016,16,14,Multiple,No,No,No,80,Driver,Female,45
2201610240224,VIC,24,10,2016,22,5,Single,No,No,No,40,Driver,Male,15
4201610240062,SA,24,10,2016,23,50,Multiple,Yes,No,No,60,Driver,Female,52
1201610250300,NSW,25,10,2016,11,30,Single,No,No,No,110,Driver,Male,50
1201610250299,NSW,25,10,2016,14,20,Multiple,No,No,No,110,Motorcycle rider,Male,37
2201610250225,VIC,25,10,2016,14,15,Single,No,No,No,100,Driver,Female,48
2201610250226,VIC,25,10,2016,15,20,Multiple,No,Yes,No,100,Driver,Female,49
5201610250137,WA,25,10,2016,18,35,Single,No,No,No,70,Motorcycle rider,Male,37
1201610250301,NSW,25,10,2016,23,0,Single,No,No,No,80,Driver,Male,29
4201610260063,SA,26,10,2016,6,15,Multiple,No,No,No,100,Driver,Male,38
3201610260188,QLD,26,10,2016,10,0,Multiple,No,No,No,50,Motorcycle rider,Male,52
6201610260029,TAS,26,10,2016,15,55,Multiple,No,No,No,100,Driver,Female,20
1201610260302,NSW,26,10,2016,21,50,Multiple,No,No,No,70,Motorcycle rider,Male,17
3201610270189,QLD,27,10,2016,8,0,Single,No,No,No,100,Driver,Male,76
1201610270303,NSW,27,10,2016,9,40,Single,No,No,No,100,Driver,Male,78
3201610280190,QLD,28,10,2016,8,0,Multiple,No,No,No,100,Driver,Male,48
3201610280191,QLD,28,10,2016,15,0,Single,No,No,No,100,Motorcycle rider,Male,61
2201610290227,VIC,29,10,2016,13,22,Pedestrian,No,No,No,60,Pedestrian,Male,59
1201610300304,NSW,30,10,2016,12,35,Multiple,No,No,No,80,Driver,Male,69
2201610300228,VIC,30,10,2016,12,35,Single,No,No,No,60,Driver,Male,32
5201610300138,WA,30,10,2016,16,2,Single,No,No,No, ,Driver,Male,32
1201610300305,NSW,30,10,2016,17,30,Multiple,No,No,No,60,Passenger,Male,73
2201610310229,VIC,31,10,2016,22,5,Pedestrian,No,No,No,80,Pedestrian,Female,45
3201611020192,QLD,2,11,2016,3,0,Multiple,No,No,No,60,Driver,Female,26
3201611020193,QLD,2,11,2016,19,0,Pedestrian,No,No,No,70,Pedestrian,Male,23
5201611030139,WA,3,11,2016,0,15,Single,No,No,No,110,Driver,Female,32
7201611040033,NT,4,11,2016,7,30,Single,No,No,No,110,Passenger,Female,2
3201611050194,QLD,5,11,2016,6,0,Single,No,No,No,100,Passenger,Male,24
2201611050230,VIC,5,11,2016,14,50,Single,No,No,No,70,Driver,Male,80
3201611050195,QLD,5,11,2016,15,0,Single,No,No,No,60,Driver,Male,23
2201611050231,VIC,5,11,2016,19,30,Multiple,No,No,No,80,Passenger,Male,17
5201611050140,WA,5,11,2016,22,20,Single,No,No,No,110,Driver,Male,39
4201611060064,SA,6,11,2016,6,15,Multiple,No,No,Yes,110,Driver,Male,43
8201611060009,ACT,6,11,2016,11,55,Single,No,No,No,100,Motorcycle rider,Male,36
1201611080306,NSW,8,11,2016,7,39,Pedestrian,No,Yes,No,60,Pedestrian,Female,26
1201611080307,NSW,8,11,2016,9,45,Multiple,No,No,No,50,Driver,Male,22
3201611080196,QLD,8,11,2016,10,0,Single,No,No,No,80,Driver,Male,65
2201611090232,VIC,9,11,2016,6,0,Multiple,No,No,No,80,Motorcycle rider,Male,25
2201611090233,VIC,9,11,2016,9,5,Multiple,No,No,Yes,80,Driver,Female,81
2201611090234,VIC,9,11,2016,12,20,Single,No,No,No,100,Driver,Female,79
2201611090235,VIC,9,11,2016,21,30,Single,No,No,No,100,Passenger,Female,62
2201611090235,VIC,9,11,2016,21,30,Single,No,No,No,100,Driver,Male,65
4201611100065,SA,10,11,2016,7,50,Single,No,No,No,100,Driver,Male,80
1201611100308,NSW,10,11,2016,9,50,Multiple,No,No,No,100,Driver,Male,69
1201611100309,NSW,10,11,2016,15,13,Multiple,No,No,No,80,Driver,Female,49
5201611110141,WA,11,11,2016,5,56,Multiple,No,Yes,No,100,Driver,Male,19
7201611110034,NT,11,11,2016,18,0,Single,No,No,No,130,Passenger,Female,46
2201611120236,VIC,12,11,2016,0,5,Single,No,No,No,50,Passenger,Male,45
1201611120310,NSW,12,11,2016,8,6,Pedestrian,No,No,No,70,Pedestrian,Male,25
1201611120311,NSW,12,11,2016,14,40,Multiple,No,No,No,110,Passenger,Female,87
5201611120142,WA,12,11,2016,21,45,Single,No,No,No,60,Motorcycle rider,Male,30
6201611130030,TAS,13,11,2016,3,0,Pedestrian,No,No,No,80,Pedestrian,Male,25
5201611130144,WA,13,11,2016,14,7,Single,No,No,No,80,Motorcycle rider,Female,44
5201611130143,WA,13,11,2016,17,45,Single,No,No,No,90,Driver,Female,26
2201611130237,VIC,13,11,2016,19,24,Multiple,Yes,No,No,60,Motorcycle rider,Male,32
1201611140312,NSW,14,11,2016,12,40,Multiple,No,Yes,No,100,Driver,Male,53
1201611140313,NSW,14,11,2016,15,15,Pedestrian,No,No,No,60,Pedestrian,Male,79
2201611150238,VIC,15,11,2016,7,40,Multiple,No,No,No,100,Driver,Male,26
1201611150314,NSW,15,11,2016,10,44,Pedestrian,No,No,Yes,70,Pedestrian,Male,23
3201611150197,QLD,15,11,2016,14,0,Multiple,No,Yes,No,100,Motorcycle rider,Male,19
5201611150145,WA,15,11,2016,17,25,Multiple,No,No,Yes,80,Motorcycle rider,Male,80
1201611160315,NSW,16,11,2016,6,5,Multiple,No,Yes,No,100,Motorcycle rider,Male,44
2201611160239,VIC,16,11,2016,8,10,Multiple,No,No,Yes,50,Bicyclist,Male,42
4201611160066,SA,16,11,2016,13,45,Pedestrian,Yes,No,No,50,Pedestrian,Male,72
1201611160316,NSW,16,11,2016,19,45,Single,No,No,No,50,Driver,Male,24
4201611160067,SA,16,11,2016,21,45,Pedestrian,No,No,No,80,Pedestrian,Male,45
3201611160198,QLD,16,11,2016,22,0,Single,No,No,No,80,Driver,Female,26
3201611170199,QLD,17,11,2016,2,0,Single,No,No,No,60,Driver,Male,26
3201611170200,QLD,17,11,2016,9,0,Multiple,Yes,Yes,No,80,Driver,Male,62
1201611170317,NSW,17,11,2016,14,40,Multiple,No,No,No,100,Driver,Male,26
2201611170240,VIC,17,11,2016,22,35,Single,No,No,No,60,Driver,Male,26
5201611180146,WA,18,11,2016,0,10,Single,No,No,No,60,Motorcycle rider,Male,39
1201611180318,NSW,18,11,2016,11,30,Multiple,No,No,Yes,80,Motorcycle rider,Male,66
3201611190201,QLD,19,11,2016,1,0,Pedestrian,No,No,No,70,Pedestrian,Male,37
4201611190068,SA,19,11,2016,2,30,Single,No,No,No,80,Driver,Male,28
4201611190068,SA,19,11,2016,2,30,Single,No,No,No,80,Passenger,Male,23
4201611190068,SA,19,11,2016,2,30,Single,No,No,No,80,Passenger,Male,22
4201611190068,SA,19,11,2016,2,30,Single,No,No,No,80,Passenger,Male,17
3201611190202,QLD,19,11,2016,12,0,Multiple,No,No,No,100,Motorcycle rider,Male,43
7201611190035,NT,19,11,2016,17,11,Single,No,No,No,50,Driver,Male,55
5201611190147,WA,19,11,2016,22,21,Multiple,No,No,No,80,Driver,Female,41
5201611190148,WA,19,11,2016,22,0,Multiple,No,No,No,70,Motorcycle rider,Male,34
4201611200069,SA,20,11,2016,9,0,Multiple,No,No,No,100,Driver,Male,72
5201611200149,WA,20,11,2016,12,50,Single,No,No,No,110,Passenger,Female,14
5201611200149,WA,20,11,2016,12,50,Single,No,No,No,110,Driver,Female,37
1201611200319,NSW,20,11,2016,13,37,Multiple,No,No,No,80,Driver,Female,72
2201611200241,VIC,20,11,2016,16,0,Single,No,No,No,100,Driver,Female,29
1201611210320,NSW,21,11,2016,7,10,Pedestrian,No,No,No,40,Pedestrian,Female,45
1201611210321,NSW,21,11,2016,7,5,Single,No,No,No,100,Driver,Male,25
3201611210203,QLD,21,11,2016,7,0,Multiple,No,No,No,100,Driver,Male,22
1201611210323,NSW,21,11,2016,11,50,Single,No,No,No,50,Driver,Male,85
4201611210070,SA,21,11,2016,13,30,Single,No,No,No,80,Motorcycle rider,Male,31
1201611210322,NSW,21,11,2016,14,25,Multiple,No,No,No,50,Motorcycle rider,Male,22
3201611210204,QLD,21,11,2016,14,0,Single,No,No,No,100,Driver,Male,22
2201611210242,VIC,21,11,2016,22,30,Single,No,No,No,60,Driver,Female,88
5201611220150,WA,22,11,2016,0,20,Single,No,No,No,50,Driver,Female,40
3201611220205,QLD,22,11,2016,5,0,Multiple,No,Yes,No,100,Bicyclist,Male,50
2201611220243,VIC,22,11,2016,11,28,Pedestrian,No,No,No,60,Pedestrian,Female,90
2201611220244,VIC,22,11,2016,11,41,Single,No,No,No,60,Passenger,Female,85
2201611220245,VIC,22,11,2016,13,30,Multiple,No,No,No, ,Driver,Male,33
2201611220246,VIC,22,11,2016,14,55,Multiple,No,No,Yes,100,Driver,Male,25
2201611220247,VIC,22,11,2016,15,45,Multiple,No,No,No,60,Passenger,Female,8
1201611230324,NSW,23,11,2016,9,20,Multiple,No,No,No,100,Bicyclist,Male,59
3201611230206,QLD,23,11,2016,17,0,Multiple,No,No,No,80,Motorcycle rider,Male,48
2201611230248,VIC,23,11,2016,20,59,Pedestrian,No,No,No,70,Pedestrian,Male,33
5201611240151,WA,24,11,2016,6,45,Multiple,No,No,No,100,Pedestrian,Male,81
3201611250207,QLD,25,11,2016,6,0,Multiple,No,No,No,60,Passenger,Male,27
5201611250152,WA,25,11,2016,6,35,Single,No,No,No,110,Driver,Female,23
3201611260208,QLD,26,11,2016,2,0,Single,No,No,No,60,Driver,Male,21
7201611260036,NT,26,11,2016,15,40,Single,No,No,No,130,Passenger,Female,22
7201611260036,NT,26,11,2016,15,40,Single,No,No,No,130,Passenger,Male,1
3201611260209,QLD,26,11,2016,17,0,Multiple,No,No,No,80,Passenger,Female,86
3201611260210,QLD,26,11,2016,19,0,Single,No,No,No,100,Driver,Male,39
1201611270328,NSW,27,11,2016,3,40,Single,No,No,No,60,Passenger,Male,11
1201611270325,NSW,27,11,2016,9,15,Single,No,No,No,60,Motorcycle rider,Male,50
1201611270326,NSW,27,11,2016,16,50,Multiple,No,No,No,100,Driver,Male,28
1201611270327,NSW,27,11,2016,16,0,Single,No,No,No,100,Passenger,Male,3
2201611270249,VIC,27,11,2016,17,0,Single,No,No,No,80,Driver,Male,36
5201611270153,WA,27,11,2016,20,55,Multiple,No,No,No,60,Pedestrian,Female,52
1201611280329,NSW,28,11,2016,6,30,Multiple,No,Yes,No,80,Driver,Male,37
2201611280250,VIC,28,11,2016,7,53,Multiple,No,Yes,No,60,Motorcycle rider,Male,25
2201611280251,VIC,28,11,2016,15,40,Pedestrian,No,No,No,60,Pedestrian,Male,81
5201611280154,WA,28,11,2016,15,40,Multiple,No,No,No,110,Driver,Male,45
1201611280330,NSW,28,11,2016,18,10,Multiple,No,No,No,50,Driver,Male,86
1201611290331,NSW,29,11,2016,9,54,Single,No,No,No,100,Driver,Male,85
3201611290211,QLD,29,11,2016,23,0,Multiple,No,No,Yes,100,Driver,Male,57
2201611300253,VIC,30,11,2016,13,50,Single,No,No,No,60,Bicyclist,Male,27
2201611300252,VIC,30,11,2016,16,45,Pedestrian,No,No,No,70,Pedestrian,Male,66
2201612010254,VIC,1,12,2016,13,30,Single,No,No,No,100,Passenger,Female,67
1201612010332,NSW,1,12,2016,18,9,Single,No,No,Yes,100,Passenger,Female,27
1201612020334,NSW,2,12,2016,2,10,Single,No,No,No,80,Passenger,Male,18
2201612020255,VIC,2,12,2016,6,34,Multiple,No,No,No,80,Motorcycle rider,Male,61
3201612020212,QLD,2,12,2016,6,0,Single,No,No,No,60,Motorcycle rider,Male,21
1201612020333,NSW,2,12,2016,13,0,Multiple,No,No,No,80,Driver,Male,75
3201612020213,QLD,2,12,2016,17,0,Multiple,No,No,No,100,Passenger,Female,25
3201612020213,QLD,2,12,2016,17,0,Multiple,No,No,No,100,Passenger,Female,27
2201612020256,VIC,2,12,2016,22,25,Single,No,No,No,100,Driver,Male,34
1201612030335,NSW,3,12,2016,0,52,Multiple,No,No,No,60,Driver,Male,76
1201612030335,NSW,3,12,2016,0,52,Multiple,No,No,No,60,Motorcycle rider,Male,26
3201612030214,QLD,3,12,2016,0,0,Pedestrian,No,No,No,60,Pedestrian,Male,44
2201612030257,VIC,3,12,2016,1,5,Multiple,No,No,No,60,Driver,Male,27
3201612030215,QLD,3,12,2016,13,0,Multiple,No,Yes,No,70,Driver,Male,40
1201612030336,NSW,3,12,2016,15,15,Multiple,No,No,No,100,Driver,Male,17
2201612030258,VIC,3,12,2016,23,15,Single,No,No,No,80,Driver,Male,21
1201612040338,NSW,4,12,2016,2,30,Pedestrian,No,No,Yes,100,Pedestrian,Male,18
1201612040337,NSW,4,12,2016,3,0,Single,No,No,No,80,Driver,Male,38
5201612040155,WA,4,12,2016,3,33,Multiple,No,No,Yes,110,Driver,Male,34
3201612040216,QLD,4,12,2016,11,0,Multiple,No,No,Yes,100,Driver,Male,32
2201612050259,VIC,5,12,2016,6,52,Single,No,No,No,100,Passenger,Female,75
2201612050259,VIC,5,12,2016,6,52,Single,No,No,No,100,Driver,Male,42
4201612060071,SA,6,12,2016,12,0,Multiple,No,No,Yes,100,Driver,Female,90
1201612060339,NSW,6,12,2016,17,30,Single,No,No,No,100,Driver,Male,19
3201612060217,QLD,6,12,2016,21,0,Pedestrian,No,No,No,50,Pedestrian,Male,53
5201612060156,WA,6,12,2016,21,0,Multiple,No,No,No,60,Pedestrian,Female,26
1201612060340,NSW,6,12,2016,23,30,Single,No,No,No,100,Motorcycle rider,Male,35
3201612070218,QLD,7,12,2016,18,0,Single,No,No,No,80,Motorcycle rider,Male,55
3201612080219,QLD,8,12,2016,14,0,Multiple,No,No,Yes,110,Driver,Male,88
7201612090037,NT,9,12,2016,9,15,Single,No,No,No,130,Driver,Male,47
2201612090260,VIC,9,12,2016,15,31,Multiple,No,No,No,60,Motorcycle rider,Male,25
5201612090157,WA,9,12,2016,15,20,Single,No,No,No,110,Driver,Male,31
5201612090158,WA,9,12,2016,15,25,Single,No,No,No,110,Passenger,Female,17
5201612090158,WA,9,12,2016,15,25,Single,No,No,No,110,Passenger,Male,21
3201612100221,QLD,10,12,2016,1,0,Pedestrian,No,No,No,60,Pedestrian,Male,37
1201612100341,NSW,10,12,2016,11,7,Pedestrian,No,No,No,80,Pedestrian,Male,56
3201612100222,QLD,10,12,2016,17,0,Single,No,No,No,100,Driver,Male,50
2201612100261,VIC,10,12,2016,19,30,Multiple,No,No,No,50,Driver,Male,41
5201612100159,WA,10,12,2016,19,38,Single,No,No,No,70,Driver,Male,35
6201612100031,TAS,10,12,2016,20,10,Single,No,No,No,80,Driver,Male,60
3201612100220,QLD,10,12,2016,21,0,Single,No,No,Yes,100,Driver,Male,36
3201612100223,QLD,10,12,2016,22,0,Single,No,No,No,60,Motorcycle rider,Male,44
3201612110224,QLD,11,12,2016,9,0,Pedestrian,No,No,No,60,Pedestrian,Male,56
2201612110262,VIC,11,12,2016,10,0,Single,No,No,No,70,Motorcycle rider,Male,45
3201612110225,QLD,11,12,2016,10,0,Multiple,No,No,No,100,Motorcycle rider,Male,70
3201612110226,QLD,11,12,2016,13,0,Single,No,No,No,100,Motorcycle rider,Male,59
2201612110263,VIC,11,12,2016,18,55,Multiple,No,No,No,100,Motorcycle rider,Male,48
5201612120161,WA,12,12,2016,5,0,Single,No,No,No,110,Driver,Female,21
1201612120342,NSW,12,12,2016,10,0,Multiple,No,Yes,No,100,Driver,Male,68
5201612120160,WA,12,12,2016,11,40,Multiple,No,No,Yes,110,Passenger,Male,19
5201612120160,WA,12,12,2016,11,40,Multiple,No,No,Yes,110,Driver,Male,19
2201612120264,VIC,12,12,2016,15,45,Single,No,No,No,100,Driver,Male,56
3201612130227,QLD,13,12,2016,16,0,Multiple,No,No,No,60,Motorcycle rider,Male,26
7201612130038,NT,13,12,2016,23,35,Single,No,No,No,100,Driver,Male,49
1201612140343,NSW,14,12,2016,8,0,Multiple,No,No,No,60,Motorcycle rider,Female,36
5201612140163,WA,14,12,2016,10,15,Single,No,No,No,110,Passenger,Male,16
5201612140162,WA,14,12,2016,14,30,Single,No,No,No,90,Driver,Male,40
1201612140344,NSW,14,12,2016,17,45,Pedestrian,No,No,No,60,Pedestrian,Female,22
3201612140228,QLD,14,12,2016,22,0,Single,No,No,No,60,Motorcycle rider,Male,44
2201612140265,VIC,14,12,2016,23,0,Single,No,No,No,100,Passenger,Female,51
1201612150346,NSW,15,12,2016,12,15,Multiple,No,No,No,80,Driver,Male,23
7201612150039,NT,15,12,2016,17,55,Multiple,No,No,Yes,130,Driver,Male,55
1201612150345,NSW,15,12,2016,20,45,Pedestrian,No,No,No,50,Pedestrian,Male,18
5201612150164,WA,15,12,2016,22,31,Single,No,No,No,50,Passenger,Male,29
5201612150164,WA,15,12,2016,22,31,Single,No,No,No,50,Driver,Male,46
3201612160230,QLD,16,12,2016,10,0,Multiple,No,No,No,100,Motorcycle rider,Male,57
3201612160229,QLD,16,12,2016,12,0,Multiple,No,No,Yes,110,Passenger,Female,78
2201612160266,VIC,16,12,2016,15,5,Multiple,No,No,No,100,Passenger,Female,68
3201612160231,QLD,16,12,2016,16,0,Multiple,No,No,No,100,Motorcycle rider,Male,14
2201612160267,VIC,16,12,2016,23,10,Single,No,No,No,60,Driver,Male,19
1201612170347,NSW,17,12,2016,0,24,Multiple,No,No,No,100,Driver,Male,20
4201612170072,SA,17,12,2016,1,48,Single,No,No,No,100,Driver,Male,23
5201612170165,WA,17,12,2016,5,20,Single,No,No,No,70,Driver,Female,25
2201612170268,VIC,17,12,2016,19,30,Multiple,No,No,No,60,Passenger,Female,1
3201612170232,QLD,17,12,2016,19,0,Single,No,No,No,100,Driver,Male,22
3201612170232,QLD,17,12,2016,19,0,Single,No,No,No,100,Passenger,Male,33
3201612170232,QLD,17,12,2016,19,0,Single,No,No,No,100,Passenger,Male,25
2201612180269,VIC,18,12,2016,1,45,Single,No,No,No,100,Motorcycle rider,Male,61
6201612180032,TAS,18,12,2016,8,15,Multiple,No,No,No,110,Driver,Male,53
1201612180348,NSW,18,12,2016,10,0,Multiple,No,No,No,70,Bicyclist,Female,33
3201612180233,QLD,18,12,2016,13,0,Single,No,No,No,100,Motorcycle rider,Male,35
1201612180349,NSW,18,12,2016,20,50,Pedestrian,No,No,No,50,Pedestrian,Female,66
3201612190234,QLD,19,12,2016,4,0,Single,No,No,No,100,Passenger,Female,14
1201612200350,NSW,20,12,2016,11,45,Pedestrian,No,No,No,50,Pedestrian,Female,86
5201612210166,WA,21,12,2016,16,19,Single,No,No,No,110,Driver,Female,45
6201612210033,TAS,21,12,2016,22,35,Pedestrian,No,No,No,100,Pedestrian,Female,32
1201612220351,NSW,22,12,2016,5,35,Pedestrian,No,Yes,No,110,Pedestrian,Female,48
3201612220235,QLD,22,12,2016,13,0,Multiple,No,No,No,80,Driver,Male,39
5201612230167,WA,23,12,2016,4,50,Single,No,No,No,110,Passenger,Female,21
5201612240168,WA,24,12,2016,1,10,Multiple,No,No,Yes,110,Driver,Male,53
4201612240073,SA,24,12,2016,14,21,Single,No,No,No,100,Motorcycle rider,Male,48
1201612240352,NSW,24,12,2016,15,20,Single,No,No,No,100,Driver,Female,76
3201612240236,QLD,24,12,2016,18,0,Multiple,No,No,No,80,Passenger,Unknown,0
2201612250270,VIC,25,12,2016,5,0,Multiple,No,No,No,60,Driver,Male,37
1201612250353,NSW,25,12,2016,14,0,Multiple,No,No,No,100,Driver,Female,67
1201612250354,NSW,25,12,2016,15,50,Single,No,No,No,80,Driver,Male,51
3201612250237,QLD,25,12,2016,19,0,Pedestrian,No,No,No,50,Pedestrian,Male,9
5201612260169,WA,26,12,2016,15,29,Single,No,No,No,110,Motorcycle pillion passenger,Male,16
2201612260271,VIC,26,12,2016,16,42,Multiple,No,No,Yes,80,Driver,Male,27
1201612270355,NSW,27,12,2016,3,0,Single,No,No,No,80,Driver,Male,26
2201612270272,VIC,27,12,2016,5,40,Single,No,No,No,100,Passenger,Male,29
1201612270356,NSW,27,12,2016,14,48,Single,No,No,No,100,Passenger,Female,24
2201612270273,VIC,27,12,2016,19,35,Multiple,No,No,No,50,Motorcycle rider,Male,44
4201612270074,SA,27,12,2016,19,0,Single,No,No,No,60,Driver,Male,38
2201612270274,VIC,27,12,2016,22,0,Single,No,No,No,100,Driver,Male,36
1201612280357,NSW,28,12,2016,15,53,Pedestrian,No,No,No,50,Pedestrian,Male,73
1201612280358,NSW,28,12,2016,16,20,Multiple,No,No,No,80,Passenger,Male,12
2201612280275,VIC,28,12,2016,16,5,Single,No,No,No,100,Driver,Male,48
5201612280170,WA,28,12,2016,19,30,Multiple,No,No,No,50,Motorcycle rider,Male,15
1201612290359,NSW,29,12,2016,15,15,Multiple,No,No,No,110,Motorcycle rider,Male,58
4201612290075,SA,29,12,2016,20,0,Single,No,No,No,110,Driver,Male,18
4201612300076,SA,30,12,2016,12,10,Single,No,No,No,110,Driver,Male,35
3201612300238,QLD,30,12,2016,13,0,Pedestrian,No,No,No,50,Pedestrian,Male,0
2201612300276,VIC,30,12,2016,16,40,Multiple,No,No,No,100,Motorcycle rider,Male,40
2201612300276,VIC,30,12,2016,16,40,Multiple,No,No,No,100,Motorcycle rider,Male,32
7201612310040,NT,31,12,2016,21,50,Pedestrian,No,No,No,60,Pedestrian,Male,46
